"id","fund","sort","ticketId","date"
257,15037,0,303,"2021-07-23"
258,6036,1,304,"2021-07-23"
259,4598,2,305,"2021-07-23"
260,3861,3,306,"2021-07-23"
261,3827,4,307,"2021-07-23"
262,3634,5,308,"2021-07-23"
263,3465,6,309,"2021-07-23"
264,3215,7,310,"2021-07-23"
265,2976,8,311,"2021-07-23"
266,2176,9,312,"2021-07-23"
267,2034,10,313,"2021-07-23"
268,1808,11,314,"2021-07-23"
269,1779,12,315,"2021-07-23"
270,1718,13,316,"2021-07-23"
271,1687,14,317,"2021-07-23"
272,1651,15,318,"2021-07-23"
273,1647,16,319,"2021-07-23"
274,1568,17,320,"2021-07-23"
275,1509,18,321,"2021-07-23"
276,1498,19,322,"2021-07-23"
277,1468,20,323,"2021-07-23"
278,1460,21,324,"2021-07-23"
279,1327,22,325,"2021-07-23"
280,1282,23,326,"2021-07-23"
281,1225,24,327,"2021-07-23"
282,1204,25,328,"2021-07-23"
283,1084,26,329,"2021-07-23"
284,1071,27,330,"2021-07-23"
285,1020,28,331,"2021-07-23"
286,1019,29,332,"2021-07-23"
287,975,30,333,"2021-07-23"
288,962,31,334,"2021-07-23"
289,948,32,335,"2021-07-23"
290,930,33,336,"2021-07-23"
291,921,34,337,"2021-07-23"
292,913,35,338,"2021-07-23"
293,895,36,339,"2021-07-23"
294,875,37,340,"2021-07-23"
295,873,38,341,"2021-07-23"
296,857,39,342,"2021-07-23"
297,837,40,343,"2021-07-23"
298,800,41,344,"2021-07-23"
299,796,42,345,"2021-07-23"
300,743,43,346,"2021-07-23"
301,737,44,347,"2021-07-23"
302,688,45,348,"2021-07-23"
303,686,46,349,"2021-07-23"
304,675,47,350,"2021-07-23"
305,657,48,351,"2021-07-23"
306,643,49,352,"2021-07-23"
307,642,50,353,"2021-07-23"
308,593,51,354,"2021-07-23"
309,584,52,355,"2021-07-23"
310,578,53,356,"2021-07-23"
311,568,54,357,"2021-07-23"
312,542,55,358,"2021-07-23"
313,540,56,359,"2021-07-23"
314,535,57,360,"2021-07-23"
315,528,58,361,"2021-07-23"
316,515,59,362,"2021-07-23"
317,507,60,363,"2021-07-23"
318,476,61,364,"2021-07-23"
319,473,62,365,"2021-07-23"
320,470,63,366,"2021-07-23"
321,470,64,367,"2021-07-23"
322,446,65,368,"2021-07-23"
323,446,66,369,"2021-07-23"
324,433,67,370,"2021-07-23"
325,429,68,371,"2021-07-23"
326,425,69,372,"2021-07-23"
327,423,70,373,"2021-07-23"
328,415,71,374,"2021-07-23"
329,411,72,375,"2021-07-23"
330,400,73,376,"2021-07-23"
331,387,74,377,"2021-07-23"
332,372,75,378,"2021-07-23"
333,366,76,379,"2021-07-23"
334,358,77,380,"2021-07-23"
335,355,78,381,"2021-07-23"
336,341,79,382,"2021-07-23"
337,340,80,383,"2021-07-23"
338,331,81,384,"2021-07-23"
339,327,82,385,"2021-07-23"
340,324,83,386,"2021-07-23"
341,317,84,387,"2021-07-23"
342,316,85,388,"2021-07-23"
343,295,86,389,"2021-07-23"
344,289,87,390,"2021-07-23"
345,279,88,391,"2021-07-23"
346,277,89,392,"2021-07-23"
347,269,90,393,"2021-07-23"
348,269,91,394,"2021-07-23"
349,266,92,395,"2021-07-23"
350,264,93,396,"2021-07-23"
351,261,94,397,"2021-07-23"
352,249,95,398,"2021-07-23"
353,243,96,399,"2021-07-23"
354,238,97,400,"2021-07-23"
355,232,98,401,"2021-07-23"
356,232,99,402,"2021-07-23"
357,232,100,403,"2021-07-23"
358,229,101,404,"2021-07-23"
359,229,102,405,"2021-07-23"
360,225,103,406,"2021-07-23"
361,224,104,407,"2021-07-23"
362,223,105,408,"2021-07-23"
363,222,106,409,"2021-07-23"
364,218,107,410,"2021-07-23"
365,216,108,411,"2021-07-23"
366,213,109,412,"2021-07-23"
367,210,110,413,"2021-07-23"
368,210,111,414,"2021-07-23"
369,203,112,415,"2021-07-23"
370,201,113,416,"2021-07-23"
371,201,114,417,"2021-07-23"
372,200,115,418,"2021-07-23"
373,191,116,419,"2021-07-23"
374,189,117,420,"2021-07-23"
375,179,118,421,"2021-07-23"
376,174,119,422,"2021-07-23"
377,173,120,423,"2021-07-23"
378,173,121,424,"2021-07-23"
379,173,122,425,"2021-07-23"
380,173,123,426,"2021-07-23"
381,172,124,427,"2021-07-23"
382,169,125,428,"2021-07-23"
383,167,126,429,"2021-07-23"
384,155,127,430,"2021-07-23"
385,154,128,431,"2021-07-23"
386,153,129,432,"2021-07-23"
387,149,130,433,"2021-07-23"
388,148,131,434,"2021-07-23"
389,148,132,435,"2021-07-23"
390,146,133,436,"2021-07-23"
391,144,134,437,"2021-07-23"
392,143,135,438,"2021-07-23"
393,143,136,439,"2021-07-23"
394,142,137,440,"2021-07-23"
395,141,138,441,"2021-07-23"
396,137,139,442,"2021-07-23"
397,132,140,443,"2021-07-23"
398,129,141,444,"2021-07-23"
399,126,142,445,"2021-07-23"
400,123,143,446,"2021-07-23"
401,122,144,447,"2021-07-23"
402,121,145,448,"2021-07-23"
403,117,146,449,"2021-07-23"
404,116,147,450,"2021-07-23"
405,116,148,451,"2021-07-23"
406,113,149,452,"2021-07-23"
407,112,150,453,"2021-07-23"
408,111,151,454,"2021-07-23"
409,110,152,455,"2021-07-23"
410,108,153,456,"2021-07-23"
411,106,154,457,"2021-07-23"
412,104,155,458,"2021-07-23"
413,102,156,459,"2021-07-23"
414,102,157,460,"2021-07-23"
415,101,158,461,"2021-07-23"
416,101,159,462,"2021-07-23"
417,100,160,463,"2021-07-23"
418,98,161,464,"2021-07-23"
419,98,162,465,"2021-07-23"
420,97,163,466,"2021-07-23"
421,95,164,467,"2021-07-23"
422,95,165,468,"2021-07-23"
423,94,166,469,"2021-07-23"
424,92,167,470,"2021-07-23"
425,90,168,471,"2021-07-23"
426,88,169,472,"2021-07-23"
427,86,170,473,"2021-07-23"
428,86,171,474,"2021-07-23"
429,85,172,475,"2021-07-23"
430,85,173,476,"2021-07-23"
431,83,174,477,"2021-07-23"
432,83,175,478,"2021-07-23"
433,82,176,479,"2021-07-23"
434,82,177,480,"2021-07-23"
435,81,178,481,"2021-07-23"
436,80,179,482,"2021-07-23"
437,79,180,483,"2021-07-23"
438,77,181,484,"2021-07-23"
439,77,182,485,"2021-07-23"
440,76,183,486,"2021-07-23"
441,74,184,487,"2021-07-23"
442,72,185,488,"2021-07-23"
443,72,186,489,"2021-07-23"
444,71,187,490,"2021-07-23"
445,67,188,491,"2021-07-23"
446,66,189,492,"2021-07-23"
447,66,190,493,"2021-07-23"
448,66,191,494,"2021-07-23"
449,64,192,495,"2021-07-23"
450,64,193,496,"2021-07-23"
451,64,194,497,"2021-07-23"
452,62,195,498,"2021-07-23"
453,61,196,499,"2021-07-23"
454,60,197,500,"2021-07-23"
455,60,198,501,"2021-07-23"
456,60,199,502,"2021-07-23"
457,59,200,503,"2021-07-23"
458,59,201,504,"2021-07-23"
459,58,202,505,"2021-07-23"
460,58,203,506,"2021-07-23"
461,58,204,507,"2021-07-23"
462,58,205,508,"2021-07-23"
463,58,206,509,"2021-07-23"
464,58,207,510,"2021-07-23"
465,56,208,511,"2021-07-23"
466,56,209,512,"2021-07-23"
467,56,210,513,"2021-07-23"
468,54,211,514,"2021-07-23"
469,52,212,515,"2021-07-23"
470,52,213,516,"2021-07-23"
471,52,214,517,"2021-07-23"
472,51,215,518,"2021-07-23"
473,50,216,519,"2021-07-23"
474,50,217,520,"2021-07-23"
475,50,218,521,"2021-07-23"
476,50,219,522,"2021-07-23"
477,49,220,523,"2021-07-23"
478,49,221,524,"2021-07-23"
479,48,222,525,"2021-07-23"
480,44,223,526,"2021-07-23"
481,43,224,527,"2021-07-23"
482,43,225,528,"2021-07-23"
483,41,226,529,"2021-07-23"
484,41,227,530,"2021-07-23"
485,41,228,531,"2021-07-23"
486,40,229,532,"2021-07-23"
487,38,230,533,"2021-07-23"
488,38,231,534,"2021-07-23"
489,37,232,535,"2021-07-23"
490,36,233,536,"2021-07-23"
491,35,234,537,"2021-07-23"
492,35,235,538,"2021-07-23"
493,34,236,539,"2021-07-23"
494,33,237,540,"2021-07-23"
495,33,238,541,"2021-07-23"
496,33,239,542,"2021-07-23"
497,31,240,543,"2021-07-23"
498,31,241,544,"2021-07-23"
499,31,242,545,"2021-07-23"
500,30,243,546,"2021-07-23"
501,29,244,547,"2021-07-23"
502,29,245,548,"2021-07-23"
503,29,246,549,"2021-07-23"
504,28,247,550,"2021-07-23"
505,27,248,551,"2021-07-23"
506,27,249,552,"2021-07-23"
507,26,250,553,"2021-07-23"
508,26,251,554,"2021-07-23"
509,26,252,555,"2021-07-23"
510,25,253,556,"2021-07-23"
511,24,254,557,"2021-07-23"
512,24,255,558,"2021-07-23"
513,23,256,559,"2021-07-23"
514,23,257,560,"2021-07-23"
515,23,258,561,"2021-07-23"
516,21,259,562,"2021-07-23"
517,21,260,563,"2021-07-23"
518,21,261,564,"2021-07-23"
519,20,262,565,"2021-07-23"
520,19,263,566,"2021-07-23"
521,19,264,567,"2021-07-23"
522,19,265,568,"2021-07-23"
523,17,266,569,"2021-07-23"
524,17,267,570,"2021-07-23"
525,17,268,571,"2021-07-23"
526,16,269,572,"2021-07-23"
527,16,270,573,"2021-07-23"
528,16,271,574,"2021-07-23"
529,16,272,575,"2021-07-23"
530,16,273,576,"2021-07-23"
531,16,274,577,"2021-07-23"
532,16,275,578,"2021-07-23"
533,15,276,579,"2021-07-23"
534,15,277,580,"2021-07-23"
535,15,278,581,"2021-07-23"
536,14,279,582,"2021-07-23"
537,14,280,583,"2021-07-23"
538,14,281,584,"2021-07-23"
539,14,282,585,"2021-07-23"
540,14,283,586,"2021-07-23"
541,13,284,587,"2021-07-23"
542,13,285,588,"2021-07-23"
543,13,286,589,"2021-07-23"
544,13,287,590,"2021-07-23"
545,13,288,591,"2021-07-23"
546,13,289,592,"2021-07-23"
547,13,290,593,"2021-07-23"
548,13,291,594,"2021-07-23"
549,13,292,595,"2021-07-23"
550,12,293,596,"2021-07-23"
551,12,294,597,"2021-07-23"
552,12,295,598,"2021-07-23"
553,12,296,599,"2021-07-23"
554,12,297,600,"2021-07-23"
555,12,298,601,"2021-07-23"
556,12,299,602,"2021-07-23"
557,12,300,603,"2021-07-23"
558,12,301,604,"2021-07-23"
559,11,302,605,"2021-07-23"
560,11,303,606,"2021-07-23"
561,10,304,607,"2021-07-23"
562,10,305,608,"2021-07-23"
563,10,306,609,"2021-07-23"
564,15037,0,303,"2021-07-24"
565,6036,1,304,"2021-07-24"
566,4598,2,305,"2021-07-24"
567,3861,3,306,"2021-07-24"
568,3827,4,307,"2021-07-24"
569,3634,5,308,"2021-07-24"
570,3465,6,309,"2021-07-24"
571,3215,7,310,"2021-07-24"
572,2976,8,311,"2021-07-24"
573,2176,9,312,"2021-07-24"
574,2034,10,313,"2021-07-24"
575,1808,11,314,"2021-07-24"
576,1779,12,315,"2021-07-24"
577,1718,13,316,"2021-07-24"
578,1687,14,317,"2021-07-24"
579,1651,15,318,"2021-07-24"
580,1647,16,319,"2021-07-24"
581,1568,17,320,"2021-07-24"
582,1509,18,321,"2021-07-24"
583,1498,19,322,"2021-07-24"
584,1468,20,323,"2021-07-24"
585,1460,21,324,"2021-07-24"
586,1327,22,325,"2021-07-24"
587,1282,23,326,"2021-07-24"
588,1225,24,327,"2021-07-24"
589,1204,25,328,"2021-07-24"
590,1084,26,329,"2021-07-24"
591,1071,27,330,"2021-07-24"
592,1020,28,331,"2021-07-24"
593,1019,29,332,"2021-07-24"
594,975,30,333,"2021-07-24"
595,962,31,334,"2021-07-24"
596,948,32,335,"2021-07-24"
597,930,33,336,"2021-07-24"
598,921,34,337,"2021-07-24"
599,913,35,338,"2021-07-24"
600,895,36,339,"2021-07-24"
601,875,37,340,"2021-07-24"
602,873,38,341,"2021-07-24"
603,857,39,342,"2021-07-24"
604,837,40,343,"2021-07-24"
605,800,41,344,"2021-07-24"
606,796,42,345,"2021-07-24"
607,743,43,346,"2021-07-24"
608,737,44,347,"2021-07-24"
609,688,45,348,"2021-07-24"
610,686,46,349,"2021-07-24"
611,675,47,350,"2021-07-24"
612,657,48,351,"2021-07-24"
613,643,49,352,"2021-07-24"
614,642,50,353,"2021-07-24"
615,584,52,355,"2021-07-24"
616,593,51,354,"2021-07-24"
617,578,53,356,"2021-07-24"
618,568,54,357,"2021-07-24"
619,542,55,358,"2021-07-24"
620,540,56,359,"2021-07-24"
621,535,57,360,"2021-07-24"
622,528,58,361,"2021-07-24"
623,515,59,362,"2021-07-24"
624,507,60,363,"2021-07-24"
625,476,61,364,"2021-07-24"
626,470,63,366,"2021-07-24"
627,473,62,365,"2021-07-24"
628,470,64,367,"2021-07-24"
629,446,65,368,"2021-07-24"
630,446,66,369,"2021-07-24"
631,433,67,370,"2021-07-24"
632,429,68,371,"2021-07-24"
633,425,69,372,"2021-07-24"
634,423,70,373,"2021-07-24"
635,411,72,375,"2021-07-24"
636,415,71,374,"2021-07-24"
637,400,73,376,"2021-07-24"
638,387,74,377,"2021-07-24"
639,372,75,378,"2021-07-24"
640,366,76,379,"2021-07-24"
641,358,77,380,"2021-07-24"
642,355,78,381,"2021-07-24"
643,341,79,382,"2021-07-24"
644,340,80,383,"2021-07-24"
645,331,81,384,"2021-07-24"
646,327,82,385,"2021-07-24"
647,324,83,386,"2021-07-24"
648,317,84,387,"2021-07-24"
649,316,85,388,"2021-07-24"
650,295,86,389,"2021-07-24"
651,289,87,390,"2021-07-24"
652,279,88,391,"2021-07-24"
653,277,89,392,"2021-07-24"
654,269,90,393,"2021-07-24"
655,269,91,394,"2021-07-24"
656,266,92,395,"2021-07-24"
657,264,93,396,"2021-07-24"
658,261,94,397,"2021-07-24"
659,249,95,398,"2021-07-24"
660,243,96,399,"2021-07-24"
661,238,97,400,"2021-07-24"
662,232,98,401,"2021-07-24"
663,232,99,402,"2021-07-24"
664,229,101,404,"2021-07-24"
665,232,100,403,"2021-07-24"
666,229,102,405,"2021-07-24"
667,225,103,406,"2021-07-24"
668,224,104,407,"2021-07-24"
669,223,105,408,"2021-07-24"
670,222,106,409,"2021-07-24"
671,218,107,410,"2021-07-24"
672,216,108,411,"2021-07-24"
673,213,109,412,"2021-07-24"
674,210,110,413,"2021-07-24"
675,210,111,414,"2021-07-24"
676,203,112,415,"2021-07-24"
677,201,113,416,"2021-07-24"
678,201,114,417,"2021-07-24"
679,200,115,418,"2021-07-24"
680,191,116,419,"2021-07-24"
681,189,117,420,"2021-07-24"
682,179,118,421,"2021-07-24"
683,174,119,422,"2021-07-24"
684,173,120,423,"2021-07-24"
685,173,121,424,"2021-07-24"
686,173,122,425,"2021-07-24"
687,173,123,426,"2021-07-24"
688,172,124,427,"2021-07-24"
689,169,125,428,"2021-07-24"
690,167,126,429,"2021-07-24"
691,155,127,430,"2021-07-24"
692,154,128,431,"2021-07-24"
693,153,129,432,"2021-07-24"
694,149,130,433,"2021-07-24"
695,148,131,434,"2021-07-24"
696,148,132,435,"2021-07-24"
697,146,133,436,"2021-07-24"
698,144,134,437,"2021-07-24"
699,143,135,438,"2021-07-24"
700,143,136,439,"2021-07-24"
701,142,137,440,"2021-07-24"
702,141,138,441,"2021-07-24"
703,137,139,442,"2021-07-24"
704,132,140,443,"2021-07-24"
705,129,141,444,"2021-07-24"
706,123,143,446,"2021-07-24"
707,122,144,447,"2021-07-24"
708,121,145,448,"2021-07-24"
709,117,146,449,"2021-07-24"
710,126,142,445,"2021-07-24"
711,116,147,450,"2021-07-24"
712,116,148,451,"2021-07-24"
713,113,149,452,"2021-07-24"
714,112,150,453,"2021-07-24"
715,111,151,454,"2021-07-24"
716,110,152,455,"2021-07-24"
717,108,153,456,"2021-07-24"
718,106,154,457,"2021-07-24"
719,104,155,458,"2021-07-24"
720,102,156,459,"2021-07-24"
721,102,157,460,"2021-07-24"
722,101,158,461,"2021-07-24"
723,101,159,462,"2021-07-24"
724,100,160,463,"2021-07-24"
725,98,161,464,"2021-07-24"
726,98,162,465,"2021-07-24"
727,97,163,466,"2021-07-24"
728,95,164,467,"2021-07-24"
729,95,165,468,"2021-07-24"
730,94,166,469,"2021-07-24"
731,92,167,470,"2021-07-24"
732,90,168,471,"2021-07-24"
733,88,169,472,"2021-07-24"
734,86,170,473,"2021-07-24"
735,86,171,474,"2021-07-24"
736,85,172,475,"2021-07-24"
737,85,173,476,"2021-07-24"
738,83,174,477,"2021-07-24"
739,83,175,478,"2021-07-24"
740,82,177,480,"2021-07-24"
741,82,176,479,"2021-07-24"
742,81,178,481,"2021-07-24"
743,80,179,482,"2021-07-24"
744,79,180,483,"2021-07-24"
745,77,181,484,"2021-07-24"
746,77,182,485,"2021-07-24"
747,76,183,486,"2021-07-24"
748,74,184,487,"2021-07-24"
749,72,185,488,"2021-07-24"
750,72,186,489,"2021-07-24"
751,71,187,490,"2021-07-24"
752,67,188,491,"2021-07-24"
753,66,189,492,"2021-07-24"
754,66,190,493,"2021-07-24"
755,66,191,494,"2021-07-24"
756,64,192,495,"2021-07-24"
757,64,193,496,"2021-07-24"
758,64,194,497,"2021-07-24"
759,62,195,498,"2021-07-24"
760,61,196,499,"2021-07-24"
761,60,197,500,"2021-07-24"
762,60,198,501,"2021-07-24"
763,60,199,502,"2021-07-24"
764,59,200,503,"2021-07-24"
765,59,201,504,"2021-07-24"
766,58,202,505,"2021-07-24"
767,58,203,506,"2021-07-24"
768,58,204,507,"2021-07-24"
769,58,205,508,"2021-07-24"
770,58,206,509,"2021-07-24"
771,58,207,510,"2021-07-24"
772,56,208,511,"2021-07-24"
773,56,209,512,"2021-07-24"
774,56,210,513,"2021-07-24"
775,54,211,514,"2021-07-24"
776,52,212,515,"2021-07-24"
777,52,213,516,"2021-07-24"
778,52,214,517,"2021-07-24"
779,51,215,518,"2021-07-24"
780,50,216,519,"2021-07-24"
781,50,217,520,"2021-07-24"
782,50,219,522,"2021-07-24"
783,50,218,521,"2021-07-24"
784,49,220,523,"2021-07-24"
785,49,221,524,"2021-07-24"
786,48,222,525,"2021-07-24"
787,44,223,526,"2021-07-24"
788,43,224,527,"2021-07-24"
789,43,225,528,"2021-07-24"
790,41,226,529,"2021-07-24"
791,41,227,530,"2021-07-24"
792,41,228,531,"2021-07-24"
793,40,229,532,"2021-07-24"
794,38,230,533,"2021-07-24"
795,38,231,534,"2021-07-24"
796,37,232,535,"2021-07-24"
797,36,233,536,"2021-07-24"
798,35,234,537,"2021-07-24"
799,35,235,538,"2021-07-24"
800,34,236,539,"2021-07-24"
801,33,237,540,"2021-07-24"
802,33,238,541,"2021-07-24"
803,33,239,542,"2021-07-24"
804,31,240,543,"2021-07-24"
805,31,241,544,"2021-07-24"
806,31,242,545,"2021-07-24"
807,30,243,546,"2021-07-24"
808,29,244,547,"2021-07-24"
809,29,245,548,"2021-07-24"
810,29,246,549,"2021-07-24"
811,28,247,550,"2021-07-24"
812,27,248,551,"2021-07-24"
813,27,249,552,"2021-07-24"
814,26,250,553,"2021-07-24"
815,26,251,554,"2021-07-24"
816,26,252,555,"2021-07-24"
817,25,253,556,"2021-07-24"
818,24,254,557,"2021-07-24"
819,24,255,558,"2021-07-24"
820,23,256,559,"2021-07-24"
821,23,257,560,"2021-07-24"
822,23,258,561,"2021-07-24"
823,21,259,562,"2021-07-24"
824,21,260,563,"2021-07-24"
825,21,261,564,"2021-07-24"
826,20,262,565,"2021-07-24"
827,19,263,566,"2021-07-24"
828,19,264,567,"2021-07-24"
829,19,265,568,"2021-07-24"
830,17,266,569,"2021-07-24"
831,17,267,570,"2021-07-24"
832,17,268,571,"2021-07-24"
833,16,269,572,"2021-07-24"
834,16,270,573,"2021-07-24"
835,16,271,574,"2021-07-24"
836,16,272,575,"2021-07-24"
837,16,273,576,"2021-07-24"
838,16,274,577,"2021-07-24"
839,16,275,578,"2021-07-24"
840,15,276,579,"2021-07-24"
841,15,277,580,"2021-07-24"
842,15,278,581,"2021-07-24"
843,14,280,583,"2021-07-24"
844,14,279,582,"2021-07-24"
845,14,281,584,"2021-07-24"
846,14,282,585,"2021-07-24"
847,14,283,586,"2021-07-24"
848,13,284,587,"2021-07-24"
849,13,285,588,"2021-07-24"
850,13,286,589,"2021-07-24"
851,13,287,590,"2021-07-24"
852,13,288,591,"2021-07-24"
853,13,289,592,"2021-07-24"
854,13,290,593,"2021-07-24"
855,13,292,595,"2021-07-24"
856,13,291,594,"2021-07-24"
857,12,293,596,"2021-07-24"
858,12,294,597,"2021-07-24"
859,12,296,599,"2021-07-24"
860,12,295,598,"2021-07-24"
861,12,297,600,"2021-07-24"
862,12,298,601,"2021-07-24"
863,12,299,602,"2021-07-24"
864,12,300,603,"2021-07-24"
865,12,301,604,"2021-07-24"
866,11,302,605,"2021-07-24"
867,11,303,606,"2021-07-24"
868,10,304,607,"2021-07-24"
869,10,305,608,"2021-07-24"
870,10,306,609,"2021-07-24"
871,15037,0,303,"2021-07-25"
872,6036,1,304,"2021-07-25"
873,4598,2,305,"2021-07-25"
874,3861,3,306,"2021-07-25"
875,3827,4,307,"2021-07-25"
876,3634,5,308,"2021-07-25"
877,3465,6,309,"2021-07-25"
878,3215,7,310,"2021-07-25"
879,2976,8,311,"2021-07-25"
880,2176,9,312,"2021-07-25"
881,2034,10,313,"2021-07-25"
882,1808,11,314,"2021-07-25"
883,1779,12,315,"2021-07-25"
884,1718,13,316,"2021-07-25"
885,1687,14,317,"2021-07-25"
886,1651,15,318,"2021-07-25"
887,1647,16,319,"2021-07-25"
888,1568,17,320,"2021-07-25"
889,1509,18,321,"2021-07-25"
890,1498,19,322,"2021-07-25"
891,1468,20,323,"2021-07-25"
892,1460,21,324,"2021-07-25"
893,1327,22,325,"2021-07-25"
894,1282,23,326,"2021-07-25"
895,1225,24,327,"2021-07-25"
896,1204,25,328,"2021-07-25"
897,1071,27,330,"2021-07-25"
898,1020,28,331,"2021-07-25"
899,1019,29,332,"2021-07-25"
900,1084,26,329,"2021-07-25"
901,975,30,333,"2021-07-25"
902,962,31,334,"2021-07-25"
903,948,32,335,"2021-07-25"
904,930,33,336,"2021-07-25"
905,921,34,337,"2021-07-25"
906,913,35,338,"2021-07-25"
907,895,36,339,"2021-07-25"
908,875,37,340,"2021-07-25"
909,873,38,341,"2021-07-25"
910,857,39,342,"2021-07-25"
911,837,40,343,"2021-07-25"
912,800,41,344,"2021-07-25"
913,796,42,345,"2021-07-25"
914,743,43,346,"2021-07-25"
915,737,44,347,"2021-07-25"
916,686,46,349,"2021-07-25"
917,688,45,348,"2021-07-25"
918,675,47,350,"2021-07-25"
919,657,48,351,"2021-07-25"
920,643,49,352,"2021-07-25"
921,642,50,353,"2021-07-25"
922,593,51,354,"2021-07-25"
923,584,52,355,"2021-07-25"
924,578,53,356,"2021-07-25"
925,568,54,357,"2021-07-25"
926,542,55,358,"2021-07-25"
927,540,56,359,"2021-07-25"
928,535,57,360,"2021-07-25"
929,528,58,361,"2021-07-25"
930,515,59,362,"2021-07-25"
931,507,60,363,"2021-07-25"
932,476,61,364,"2021-07-25"
933,473,62,365,"2021-07-25"
934,470,63,366,"2021-07-25"
935,470,64,367,"2021-07-25"
936,446,65,368,"2021-07-25"
937,446,66,369,"2021-07-25"
938,433,67,370,"2021-07-25"
939,429,68,371,"2021-07-25"
940,425,69,372,"2021-07-25"
941,423,70,373,"2021-07-25"
942,415,71,374,"2021-07-25"
943,411,72,375,"2021-07-25"
944,400,73,376,"2021-07-25"
945,387,74,377,"2021-07-25"
946,372,75,378,"2021-07-25"
947,366,76,379,"2021-07-25"
948,358,77,380,"2021-07-25"
949,355,78,381,"2021-07-25"
950,341,79,382,"2021-07-25"
951,340,80,383,"2021-07-25"
952,331,81,384,"2021-07-25"
953,327,82,385,"2021-07-25"
954,324,83,386,"2021-07-25"
955,317,84,387,"2021-07-25"
956,316,85,388,"2021-07-25"
957,295,86,389,"2021-07-25"
958,289,87,390,"2021-07-25"
959,279,88,391,"2021-07-25"
960,277,89,392,"2021-07-25"
961,269,90,393,"2021-07-25"
962,269,91,394,"2021-07-25"
963,266,92,395,"2021-07-25"
964,264,93,396,"2021-07-25"
965,261,94,397,"2021-07-25"
966,249,95,398,"2021-07-25"
967,243,96,399,"2021-07-25"
968,238,97,400,"2021-07-25"
969,232,98,401,"2021-07-25"
970,232,99,402,"2021-07-25"
971,232,100,403,"2021-07-25"
972,229,101,404,"2021-07-25"
973,229,102,405,"2021-07-25"
974,225,103,406,"2021-07-25"
975,224,104,407,"2021-07-25"
976,223,105,408,"2021-07-25"
977,222,106,409,"2021-07-25"
978,218,107,410,"2021-07-25"
979,216,108,411,"2021-07-25"
980,213,109,412,"2021-07-25"
981,210,110,413,"2021-07-25"
982,210,111,414,"2021-07-25"
983,203,112,415,"2021-07-25"
984,201,113,416,"2021-07-25"
985,201,114,417,"2021-07-25"
986,200,115,418,"2021-07-25"
987,191,116,419,"2021-07-25"
988,189,117,420,"2021-07-25"
989,179,118,421,"2021-07-25"
990,174,119,422,"2021-07-25"
991,173,120,423,"2021-07-25"
992,173,121,424,"2021-07-25"
993,173,122,425,"2021-07-25"
994,173,123,426,"2021-07-25"
995,172,124,427,"2021-07-25"
996,169,125,428,"2021-07-25"
997,167,126,429,"2021-07-25"
998,155,127,430,"2021-07-25"
999,154,128,431,"2021-07-25"
1000,153,129,432,"2021-07-25"
1001,149,130,433,"2021-07-25"
1002,148,131,434,"2021-07-25"
1003,148,132,435,"2021-07-25"
1004,146,133,436,"2021-07-25"
1005,144,134,437,"2021-07-25"
1006,143,135,438,"2021-07-25"
1007,143,136,439,"2021-07-25"
1008,142,137,440,"2021-07-25"
1009,141,138,441,"2021-07-25"
1010,137,139,442,"2021-07-25"
1011,132,140,443,"2021-07-25"
1012,129,141,444,"2021-07-25"
1013,126,142,445,"2021-07-25"
1014,123,143,446,"2021-07-25"
1015,122,144,447,"2021-07-25"
1016,121,145,448,"2021-07-25"
1017,117,146,449,"2021-07-25"
1018,116,147,450,"2021-07-25"
1019,116,148,451,"2021-07-25"
1020,113,149,452,"2021-07-25"
1021,112,150,453,"2021-07-25"
1022,111,151,454,"2021-07-25"
1023,110,152,455,"2021-07-25"
1024,108,153,456,"2021-07-25"
1025,106,154,457,"2021-07-25"
1026,104,155,458,"2021-07-25"
1027,102,156,459,"2021-07-25"
1028,102,157,460,"2021-07-25"
1029,101,158,461,"2021-07-25"
1030,101,159,462,"2021-07-25"
1031,100,160,463,"2021-07-25"
1032,98,161,464,"2021-07-25"
1033,98,162,465,"2021-07-25"
1034,97,163,466,"2021-07-25"
1035,95,164,467,"2021-07-25"
1036,95,165,468,"2021-07-25"
1037,94,166,469,"2021-07-25"
1038,92,167,470,"2021-07-25"
1039,90,168,471,"2021-07-25"
1040,88,169,472,"2021-07-25"
1041,86,170,473,"2021-07-25"
1042,86,171,474,"2021-07-25"
1043,85,172,475,"2021-07-25"
1044,85,173,476,"2021-07-25"
1045,83,174,477,"2021-07-25"
1046,83,175,478,"2021-07-25"
1047,82,176,479,"2021-07-25"
1048,82,177,480,"2021-07-25"
1049,81,178,481,"2021-07-25"
1050,80,179,482,"2021-07-25"
1051,79,180,483,"2021-07-25"
1052,77,181,484,"2021-07-25"
1053,77,182,485,"2021-07-25"
1054,76,183,486,"2021-07-25"
1055,74,184,487,"2021-07-25"
1056,72,185,488,"2021-07-25"
1057,72,186,489,"2021-07-25"
1058,71,187,490,"2021-07-25"
1059,67,188,491,"2021-07-25"
1060,66,189,492,"2021-07-25"
1061,66,190,493,"2021-07-25"
1062,66,191,494,"2021-07-25"
1063,64,192,495,"2021-07-25"
1064,64,193,496,"2021-07-25"
1065,64,194,497,"2021-07-25"
1066,62,195,498,"2021-07-25"
1067,61,196,499,"2021-07-25"
1068,60,197,500,"2021-07-25"
1069,60,198,501,"2021-07-25"
1070,60,199,502,"2021-07-25"
1071,59,200,503,"2021-07-25"
1072,59,201,504,"2021-07-25"
1073,58,202,505,"2021-07-25"
1074,58,203,506,"2021-07-25"
1075,58,204,507,"2021-07-25"
1076,58,205,508,"2021-07-25"
1077,58,206,509,"2021-07-25"
1078,58,207,510,"2021-07-25"
1079,56,208,511,"2021-07-25"
1080,56,209,512,"2021-07-25"
1081,56,210,513,"2021-07-25"
1082,54,211,514,"2021-07-25"
1083,52,212,515,"2021-07-25"
1084,52,213,516,"2021-07-25"
1085,52,214,517,"2021-07-25"
1086,51,215,518,"2021-07-25"
1087,50,216,519,"2021-07-25"
1088,50,217,520,"2021-07-25"
1089,50,218,521,"2021-07-25"
1090,50,219,522,"2021-07-25"
1091,49,220,523,"2021-07-25"
1092,49,221,524,"2021-07-25"
1093,48,222,525,"2021-07-25"
1094,44,223,526,"2021-07-25"
1095,43,224,527,"2021-07-25"
1096,43,225,528,"2021-07-25"
1097,41,226,529,"2021-07-25"
1098,41,227,530,"2021-07-25"
1099,41,228,531,"2021-07-25"
1100,40,229,532,"2021-07-25"
1101,38,230,533,"2021-07-25"
1102,38,231,534,"2021-07-25"
1103,37,232,535,"2021-07-25"
1104,36,233,536,"2021-07-25"
1105,35,234,537,"2021-07-25"
1106,35,235,538,"2021-07-25"
1107,34,236,539,"2021-07-25"
1108,33,237,540,"2021-07-25"
1109,33,238,541,"2021-07-25"
1110,33,239,542,"2021-07-25"
1111,31,240,543,"2021-07-25"
1112,31,241,544,"2021-07-25"
1113,31,242,545,"2021-07-25"
1114,30,243,546,"2021-07-25"
1115,29,244,547,"2021-07-25"
1116,29,245,548,"2021-07-25"
1117,29,246,549,"2021-07-25"
1118,28,247,550,"2021-07-25"
1119,27,248,551,"2021-07-25"
1120,26,250,553,"2021-07-25"
1121,27,249,552,"2021-07-25"
1122,26,251,554,"2021-07-25"
1123,26,252,555,"2021-07-25"
1124,25,253,556,"2021-07-25"
1125,24,254,557,"2021-07-25"
1126,24,255,558,"2021-07-25"
1127,23,256,559,"2021-07-25"
1128,23,257,560,"2021-07-25"
1129,23,258,561,"2021-07-25"
1130,21,259,562,"2021-07-25"
1131,21,260,563,"2021-07-25"
1132,21,261,564,"2021-07-25"
1133,20,262,565,"2021-07-25"
1134,19,263,566,"2021-07-25"
1135,19,264,567,"2021-07-25"
1136,19,265,568,"2021-07-25"
1137,17,266,569,"2021-07-25"
1138,17,267,570,"2021-07-25"
1139,17,268,571,"2021-07-25"
1140,16,269,572,"2021-07-25"
1141,16,270,573,"2021-07-25"
1142,16,271,574,"2021-07-25"
1143,16,272,575,"2021-07-25"
1144,16,273,576,"2021-07-25"
1145,16,274,577,"2021-07-25"
1146,16,275,578,"2021-07-25"
1147,15,276,579,"2021-07-25"
1148,15,277,580,"2021-07-25"
1149,15,278,581,"2021-07-25"
1150,14,279,582,"2021-07-25"
1151,14,280,583,"2021-07-25"
1152,14,281,584,"2021-07-25"
1153,14,282,585,"2021-07-25"
1154,14,283,586,"2021-07-25"
1155,13,284,587,"2021-07-25"
1156,13,285,588,"2021-07-25"
1157,13,286,589,"2021-07-25"
1158,13,287,590,"2021-07-25"
1159,13,288,591,"2021-07-25"
1160,13,289,592,"2021-07-25"
1161,13,290,593,"2021-07-25"
1162,13,291,594,"2021-07-25"
1163,13,292,595,"2021-07-25"
1164,12,293,596,"2021-07-25"
1165,12,294,597,"2021-07-25"
1166,12,295,598,"2021-07-25"
1167,12,296,599,"2021-07-25"
1168,12,297,600,"2021-07-25"
1169,12,298,601,"2021-07-25"
1170,12,299,602,"2021-07-25"
1171,12,300,603,"2021-07-25"
1172,12,301,604,"2021-07-25"
1173,11,302,605,"2021-07-25"
1174,11,303,606,"2021-07-25"
1175,10,304,607,"2021-07-25"
1176,10,305,608,"2021-07-25"
1177,10,306,609,"2021-07-25"
1178,15037,0,303,"2021-07-26"
1179,6036,1,304,"2021-07-26"
1180,4598,2,305,"2021-07-26"
1181,3861,3,306,"2021-07-26"
1182,3827,4,307,"2021-07-26"
1183,3634,5,308,"2021-07-26"
1184,3465,6,309,"2021-07-26"
1185,3215,7,310,"2021-07-26"
1186,2976,8,311,"2021-07-26"
1187,2176,9,312,"2021-07-26"
1188,2034,10,313,"2021-07-26"
1189,1808,11,314,"2021-07-26"
1190,1718,13,316,"2021-07-26"
1191,1779,12,315,"2021-07-26"
1192,1687,14,317,"2021-07-26"
1193,1651,15,318,"2021-07-26"
1194,1647,16,319,"2021-07-26"
1195,1568,17,320,"2021-07-26"
1196,1509,18,321,"2021-07-26"
1197,1498,19,322,"2021-07-26"
1198,1468,20,323,"2021-07-26"
1199,1460,21,324,"2021-07-26"
1200,1327,22,325,"2021-07-26"
1201,1282,23,326,"2021-07-26"
1202,1225,24,327,"2021-07-26"
1203,1204,25,328,"2021-07-26"
1204,1084,26,329,"2021-07-26"
1205,1071,27,330,"2021-07-26"
1206,1020,28,331,"2021-07-26"
1207,1019,29,332,"2021-07-26"
1208,975,30,333,"2021-07-26"
1209,962,31,334,"2021-07-26"
1210,948,32,335,"2021-07-26"
1211,930,33,336,"2021-07-26"
1212,921,34,337,"2021-07-26"
1213,913,35,338,"2021-07-26"
1214,895,36,339,"2021-07-26"
1215,875,37,340,"2021-07-26"
1216,873,38,341,"2021-07-26"
1217,857,39,342,"2021-07-26"
1218,837,40,343,"2021-07-26"
1219,800,41,344,"2021-07-26"
1220,796,42,345,"2021-07-26"
1221,743,43,346,"2021-07-26"
1222,737,44,347,"2021-07-26"
1223,688,45,348,"2021-07-26"
1224,686,46,349,"2021-07-26"
1225,675,47,350,"2021-07-26"
1226,657,48,351,"2021-07-26"
1227,643,49,352,"2021-07-26"
1228,642,50,353,"2021-07-26"
1229,593,51,354,"2021-07-26"
1230,584,52,355,"2021-07-26"
1231,578,53,356,"2021-07-26"
1232,568,54,357,"2021-07-26"
1233,542,55,358,"2021-07-26"
1234,540,56,359,"2021-07-26"
1235,535,57,360,"2021-07-26"
1236,528,58,361,"2021-07-26"
1237,515,59,362,"2021-07-26"
1238,507,60,363,"2021-07-26"
1239,476,61,364,"2021-07-26"
1240,473,62,365,"2021-07-26"
1241,470,63,366,"2021-07-26"
1242,470,64,367,"2021-07-26"
1243,446,65,368,"2021-07-26"
1244,446,66,369,"2021-07-26"
1245,433,67,370,"2021-07-26"
1246,429,68,371,"2021-07-26"
1247,425,69,372,"2021-07-26"
1248,423,70,373,"2021-07-26"
1249,415,71,374,"2021-07-26"
1250,411,72,375,"2021-07-26"
1251,400,73,376,"2021-07-26"
1252,387,74,377,"2021-07-26"
1253,372,75,378,"2021-07-26"
1254,366,76,379,"2021-07-26"
1255,358,77,380,"2021-07-26"
1256,355,78,381,"2021-07-26"
1257,341,79,382,"2021-07-26"
1258,340,80,383,"2021-07-26"
1259,331,81,384,"2021-07-26"
1260,327,82,385,"2021-07-26"
1261,324,83,386,"2021-07-26"
1262,317,84,387,"2021-07-26"
1263,316,85,388,"2021-07-26"
1264,295,86,389,"2021-07-26"
1265,289,87,390,"2021-07-26"
1266,279,88,391,"2021-07-26"
1267,277,89,392,"2021-07-26"
1268,269,90,393,"2021-07-26"
1269,269,91,394,"2021-07-26"
1270,266,92,395,"2021-07-26"
1271,264,93,396,"2021-07-26"
1272,261,94,397,"2021-07-26"
1273,249,95,398,"2021-07-26"
1274,243,96,399,"2021-07-26"
1275,238,97,400,"2021-07-26"
1276,232,98,401,"2021-07-26"
1277,232,99,402,"2021-07-26"
1278,232,100,403,"2021-07-26"
1279,229,101,404,"2021-07-26"
1280,229,102,405,"2021-07-26"
1281,225,103,406,"2021-07-26"
1282,224,104,407,"2021-07-26"
1283,223,105,408,"2021-07-26"
1284,222,106,409,"2021-07-26"
1285,218,107,410,"2021-07-26"
1286,216,108,411,"2021-07-26"
1287,213,109,412,"2021-07-26"
1288,210,110,413,"2021-07-26"
1289,210,111,414,"2021-07-26"
1290,203,112,415,"2021-07-26"
1291,201,113,416,"2021-07-26"
1292,201,114,417,"2021-07-26"
1293,200,115,418,"2021-07-26"
1294,191,116,419,"2021-07-26"
1295,189,117,420,"2021-07-26"
1296,179,118,421,"2021-07-26"
1297,174,119,422,"2021-07-26"
1298,173,120,423,"2021-07-26"
1299,173,121,424,"2021-07-26"
1300,173,122,425,"2021-07-26"
1301,173,123,426,"2021-07-26"
1302,172,124,427,"2021-07-26"
1303,169,125,428,"2021-07-26"
1304,167,126,429,"2021-07-26"
1305,155,127,430,"2021-07-26"
1306,154,128,431,"2021-07-26"
1307,153,129,432,"2021-07-26"
1308,149,130,433,"2021-07-26"
1309,148,131,434,"2021-07-26"
1310,148,132,435,"2021-07-26"
1311,146,133,436,"2021-07-26"
1312,144,134,437,"2021-07-26"
1313,143,135,438,"2021-07-26"
1314,143,136,439,"2021-07-26"
1315,142,137,440,"2021-07-26"
1316,141,138,441,"2021-07-26"
1317,137,139,442,"2021-07-26"
1318,132,140,443,"2021-07-26"
1319,129,141,444,"2021-07-26"
1320,126,142,445,"2021-07-26"
1321,123,143,446,"2021-07-26"
1322,122,144,447,"2021-07-26"
1323,121,145,448,"2021-07-26"
1324,117,146,449,"2021-07-26"
1325,116,147,450,"2021-07-26"
1326,116,148,451,"2021-07-26"
1327,113,149,452,"2021-07-26"
1328,112,150,453,"2021-07-26"
1329,111,151,454,"2021-07-26"
1330,110,152,455,"2021-07-26"
1331,108,153,456,"2021-07-26"
1332,106,154,457,"2021-07-26"
1333,104,155,458,"2021-07-26"
1334,102,156,459,"2021-07-26"
1335,102,157,460,"2021-07-26"
1336,101,158,461,"2021-07-26"
1337,101,159,462,"2021-07-26"
1338,100,160,463,"2021-07-26"
1339,98,161,464,"2021-07-26"
1340,98,162,465,"2021-07-26"
1341,97,163,466,"2021-07-26"
1342,95,164,467,"2021-07-26"
1343,95,165,468,"2021-07-26"
1344,94,166,469,"2021-07-26"
1345,92,167,470,"2021-07-26"
1346,90,168,471,"2021-07-26"
1347,88,169,472,"2021-07-26"
1348,86,170,473,"2021-07-26"
1349,86,171,474,"2021-07-26"
1350,85,172,475,"2021-07-26"
1351,85,173,476,"2021-07-26"
1352,83,174,477,"2021-07-26"
1353,83,175,478,"2021-07-26"
1354,82,176,479,"2021-07-26"
1355,82,177,480,"2021-07-26"
1356,81,178,481,"2021-07-26"
1357,80,179,482,"2021-07-26"
1358,79,180,483,"2021-07-26"
1359,77,181,484,"2021-07-26"
1360,77,182,485,"2021-07-26"
1361,76,183,486,"2021-07-26"
1362,74,184,487,"2021-07-26"
1363,72,185,488,"2021-07-26"
1364,72,186,489,"2021-07-26"
1365,71,187,490,"2021-07-26"
1366,67,188,491,"2021-07-26"
1367,66,189,492,"2021-07-26"
1368,66,190,493,"2021-07-26"
1369,66,191,494,"2021-07-26"
1370,64,192,495,"2021-07-26"
1371,64,193,496,"2021-07-26"
1372,64,194,497,"2021-07-26"
1373,62,195,498,"2021-07-26"
1374,61,196,499,"2021-07-26"
1375,60,197,500,"2021-07-26"
1376,60,198,501,"2021-07-26"
1377,60,199,502,"2021-07-26"
1378,59,200,503,"2021-07-26"
1379,59,201,504,"2021-07-26"
1380,58,202,505,"2021-07-26"
1381,58,203,506,"2021-07-26"
1382,58,204,507,"2021-07-26"
1383,58,205,508,"2021-07-26"
1384,58,206,509,"2021-07-26"
1385,58,207,510,"2021-07-26"
1386,56,208,511,"2021-07-26"
1387,56,209,512,"2021-07-26"
1388,56,210,513,"2021-07-26"
1389,54,211,514,"2021-07-26"
1390,52,212,515,"2021-07-26"
1391,52,213,516,"2021-07-26"
1392,52,214,517,"2021-07-26"
1393,51,215,518,"2021-07-26"
1394,50,216,519,"2021-07-26"
1395,50,217,520,"2021-07-26"
1396,50,218,521,"2021-07-26"
1397,50,219,522,"2021-07-26"
1398,49,220,523,"2021-07-26"
1399,49,221,524,"2021-07-26"
1400,48,222,525,"2021-07-26"
1401,44,223,526,"2021-07-26"
1402,43,224,527,"2021-07-26"
1403,43,225,528,"2021-07-26"
1404,41,226,529,"2021-07-26"
1405,41,227,530,"2021-07-26"
1406,41,228,531,"2021-07-26"
1407,40,229,532,"2021-07-26"
1408,38,230,533,"2021-07-26"
1409,38,231,534,"2021-07-26"
1410,37,232,535,"2021-07-26"
1411,36,233,536,"2021-07-26"
1412,35,234,537,"2021-07-26"
1413,35,235,538,"2021-07-26"
1414,34,236,539,"2021-07-26"
1415,33,237,540,"2021-07-26"
1416,33,238,541,"2021-07-26"
1417,33,239,542,"2021-07-26"
1418,31,240,543,"2021-07-26"
1419,31,241,544,"2021-07-26"
1420,31,242,545,"2021-07-26"
1421,30,243,546,"2021-07-26"
1422,29,244,547,"2021-07-26"
1423,29,245,548,"2021-07-26"
1424,29,246,549,"2021-07-26"
1425,28,247,550,"2021-07-26"
1426,27,248,551,"2021-07-26"
1427,27,249,552,"2021-07-26"
1428,26,250,553,"2021-07-26"
1429,26,251,554,"2021-07-26"
1430,26,252,555,"2021-07-26"
1431,25,253,556,"2021-07-26"
1432,24,254,557,"2021-07-26"
1433,23,256,559,"2021-07-26"
1434,24,255,558,"2021-07-26"
1435,23,257,560,"2021-07-26"
1436,23,258,561,"2021-07-26"
1437,21,259,562,"2021-07-26"
1438,21,260,563,"2021-07-26"
1439,21,261,564,"2021-07-26"
1440,20,262,565,"2021-07-26"
1441,19,263,566,"2021-07-26"
1442,19,264,567,"2021-07-26"
1443,19,265,568,"2021-07-26"
1444,17,266,569,"2021-07-26"
1445,17,267,570,"2021-07-26"
1446,17,268,571,"2021-07-26"
1447,16,269,572,"2021-07-26"
1448,16,270,573,"2021-07-26"
1449,16,271,574,"2021-07-26"
1450,16,272,575,"2021-07-26"
1451,16,273,576,"2021-07-26"
1452,16,274,577,"2021-07-26"
1453,16,275,578,"2021-07-26"
1454,15,276,579,"2021-07-26"
1455,15,277,580,"2021-07-26"
1456,15,278,581,"2021-07-26"
1457,14,279,582,"2021-07-26"
1458,14,280,583,"2021-07-26"
1459,14,281,584,"2021-07-26"
1460,14,282,585,"2021-07-26"
1461,14,283,586,"2021-07-26"
1462,13,284,587,"2021-07-26"
1463,13,285,588,"2021-07-26"
1464,13,286,589,"2021-07-26"
1465,13,287,590,"2021-07-26"
1466,13,288,591,"2021-07-26"
1467,13,289,592,"2021-07-26"
1468,13,290,593,"2021-07-26"
1469,13,291,594,"2021-07-26"
1470,13,292,595,"2021-07-26"
1471,12,293,596,"2021-07-26"
1472,12,294,597,"2021-07-26"
1473,12,295,598,"2021-07-26"
1474,12,297,600,"2021-07-26"
1475,12,296,599,"2021-07-26"
1476,12,298,601,"2021-07-26"
1477,12,299,602,"2021-07-26"
1478,12,300,603,"2021-07-26"
1479,12,301,604,"2021-07-26"
1480,11,302,605,"2021-07-26"
1481,11,303,606,"2021-07-26"
1482,10,304,607,"2021-07-26"
1483,10,305,608,"2021-07-26"
1484,10,306,609,"2021-07-26"
1485,14871,0,303,"2021-07-27"
1486,6036,1,304,"2021-07-27"
1487,4604,2,305,"2021-07-27"
1488,3841,3,306,"2021-07-27"
1489,3811,4,307,"2021-07-27"
1490,3634,5,308,"2021-07-27"
1491,3457,6,309,"2021-07-27"
1492,3213,7,310,"2021-07-27"
1493,2967,8,311,"2021-07-27"
1494,2138,9,312,"2021-07-27"
1495,2041,10,313,"2021-07-27"
1496,2032,11,323,"2021-07-27"
1497,1941,12,328,"2021-07-27"
1498,1808,13,314,"2021-07-27"
1499,1790,14,325,"2021-07-27"
1500,1779,15,315,"2021-07-27"
1501,1708,16,316,"2021-07-27"
1502,1687,17,317,"2021-07-27"
1503,1650,18,318,"2021-07-27"
1504,1650,19,319,"2021-07-27"
1505,1568,20,320,"2021-07-27"
1506,1509,21,321,"2021-07-27"
1507,1481,22,322,"2021-07-27"
1508,1460,23,324,"2021-07-27"
1509,1282,24,326,"2021-07-27"
1510,1271,25,345,"2021-07-27"
1511,1237,26,337,"2021-07-27"
1512,1224,27,327,"2021-07-27"
1513,1212,28,336,"2021-07-27"
1514,1088,29,329,"2021-07-27"
1515,1071,30,330,"2021-07-27"
1516,1020,31,331,"2021-07-27"
1517,1019,32,332,"2021-07-27"
1518,979,33,333,"2021-07-27"
1519,948,34,335,"2021-07-27"
1520,927,35,334,"2021-07-27"
1521,913,36,338,"2021-07-27"
1522,895,37,339,"2021-07-27"
1523,875,38,340,"2021-07-27"
1524,873,39,341,"2021-07-27"
1525,857,40,342,"2021-07-27"
1526,837,41,343,"2021-07-27"
1527,830,42,358,"2021-07-27"
1528,800,43,344,"2021-07-27"
1529,737,45,347,"2021-07-27"
1530,693,46,381,"2021-07-27"
1531,743,44,346,"2021-07-27"
1532,688,47,348,"2021-07-27"
1533,686,48,349,"2021-07-27"
1534,675,49,350,"2021-07-27"
1535,657,50,351,"2021-07-27"
1536,647,51,352,"2021-07-27"
1537,636,52,353,"2021-07-27"
1538,609,53,376,"2021-07-27"
1539,593,54,354,"2021-07-27"
1540,584,55,355,"2021-07-27"
1541,578,56,356,"2021-07-27"
1542,570,57,357,"2021-07-27"
1543,546,58,508,"2021-07-27"
1544,545,59,359,"2021-07-27"
1545,537,60,360,"2021-07-27"
1546,528,61,361,"2021-07-27"
1547,515,62,362,"2021-07-27"
1548,505,63,363,"2021-07-27"
1549,499,64,365,"2021-07-27"
1550,476,65,364,"2021-07-27"
1551,470,66,366,"2021-07-27"
1552,470,67,367,"2021-07-27"
1553,446,68,368,"2021-07-27"
1554,433,69,370,"2021-07-27"
1555,429,70,371,"2021-07-27"
1556,425,71,372,"2021-07-27"
1557,423,72,373,"2021-07-27"
1558,415,73,374,"2021-07-27"
1559,411,74,375,"2021-07-27"
1560,387,75,377,"2021-07-27"
1561,372,76,378,"2021-07-27"
1562,366,77,379,"2021-07-27"
1563,358,78,380,"2021-07-27"
1564,355,79,369,"2021-07-27"
1565,341,80,382,"2021-07-27"
1566,340,81,383,"2021-07-27"
1567,331,82,384,"2021-07-27"
1568,327,83,385,"2021-07-27"
1569,324,84,386,"2021-07-27"
1570,316,85,388,"2021-07-27"
1571,295,86,389,"2021-07-27"
1572,289,87,390,"2021-07-27"
1573,284,88,397,"2021-07-27"
1574,279,89,391,"2021-07-27"
1575,272,90,392,"2021-07-27"
1576,269,91,393,"2021-07-27"
1577,269,92,394,"2021-07-27"
1578,266,93,395,"2021-07-27"
1579,264,94,396,"2021-07-27"
1580,250,95,387,"2021-07-27"
1581,249,96,398,"2021-07-27"
1582,243,97,399,"2021-07-27"
1583,241,98,408,"2021-07-27"
1584,235,99,401,"2021-07-27"
1585,232,100,402,"2021-07-27"
1586,232,101,403,"2021-07-27"
1587,229,102,404,"2021-07-27"
1588,229,103,405,"2021-07-27"
1589,225,104,406,"2021-07-27"
1590,224,105,407,"2021-07-27"
1591,222,106,409,"2021-07-27"
1592,218,107,410,"2021-07-27"
1593,216,108,411,"2021-07-27"
1594,213,109,412,"2021-07-27"
1595,212,110,413,"2021-07-27"
1596,210,111,414,"2021-07-27"
1597,201,112,417,"2021-07-27"
1598,200,113,416,"2021-07-27"
1599,200,114,418,"2021-07-27"
1600,191,115,419,"2021-07-27"
1601,189,116,420,"2021-07-27"
1602,180,117,400,"2021-07-27"
1603,180,118,422,"2021-07-27"
1604,179,119,421,"2021-07-27"
1605,173,120,424,"2021-07-27"
1606,173,121,425,"2021-07-27"
1607,173,122,426,"2021-07-27"
1608,173,123,610,"2021-07-27"
1609,172,124,427,"2021-07-27"
1610,169,125,428,"2021-07-27"
1611,167,126,429,"2021-07-27"
1612,160,127,423,"2021-07-27"
1613,155,128,430,"2021-07-27"
1614,154,129,431,"2021-07-27"
1615,153,130,432,"2021-07-27"
1616,149,131,433,"2021-07-27"
1617,148,132,434,"2021-07-27"
1618,146,133,436,"2021-07-27"
1619,144,134,437,"2021-07-27"
1620,143,135,438,"2021-07-27"
1621,142,136,440,"2021-07-27"
1622,141,137,441,"2021-07-27"
1623,137,138,442,"2021-07-27"
1624,129,139,444,"2021-07-27"
1625,126,140,445,"2021-07-27"
1626,123,141,446,"2021-07-27"
1627,122,142,447,"2021-07-27"
1628,121,143,466,"2021-07-27"
1629,121,144,448,"2021-07-27"
1630,117,145,449,"2021-07-27"
1631,116,146,451,"2021-07-27"
1632,113,147,452,"2021-07-27"
1633,112,148,439,"2021-07-27"
1634,112,149,453,"2021-07-27"
1635,111,150,454,"2021-07-27"
1636,110,151,455,"2021-07-27"
1637,108,152,456,"2021-07-27"
1638,106,153,457,"2021-07-27"
1639,102,155,460,"2021-07-27"
1640,101,156,461,"2021-07-27"
1641,101,157,459,"2021-07-27"
1642,104,154,458,"2021-07-27"
1643,101,158,462,"2021-07-27"
1644,100,159,463,"2021-07-27"
1645,98,160,435,"2021-07-27"
1646,98,161,464,"2021-07-27"
1647,98,162,465,"2021-07-27"
1648,95,163,467,"2021-07-27"
1649,94,165,469,"2021-07-27"
1650,92,166,470,"2021-07-27"
1651,95,164,611,"2021-07-27"
1652,90,167,468,"2021-07-27"
1653,90,168,471,"2021-07-27"
1654,88,169,472,"2021-07-27"
1655,86,170,474,"2021-07-27"
1656,83,171,477,"2021-07-27"
1657,83,172,478,"2021-07-27"
1658,82,173,479,"2021-07-27"
1659,82,174,443,"2021-07-27"
1660,82,175,480,"2021-07-27"
1661,81,176,481,"2021-07-27"
1662,80,177,482,"2021-07-27"
1663,80,178,476,"2021-07-27"
1664,77,179,484,"2021-07-27"
1665,77,180,485,"2021-07-27"
1666,76,181,486,"2021-07-27"
1667,74,182,487,"2021-07-27"
1668,71,183,490,"2021-07-27"
1669,70,184,450,"2021-07-27"
1670,67,185,491,"2021-07-27"
1671,67,186,488,"2021-07-27"
1672,66,187,492,"2021-07-27"
1673,66,188,493,"2021-07-27"
1674,66,189,499,"2021-07-27"
1675,66,190,494,"2021-07-27"
1676,64,191,496,"2021-07-27"
1677,62,193,498,"2021-07-27"
1678,64,192,497,"2021-07-27"
1679,60,194,500,"2021-07-27"
1680,60,195,501,"2021-07-27"
1681,60,196,502,"2021-07-27"
1682,59,197,504,"2021-07-27"
1683,59,198,495,"2021-07-27"
1684,58,199,505,"2021-07-27"
1685,58,200,506,"2021-07-27"
1686,58,201,507,"2021-07-27"
1687,58,202,473,"2021-07-27"
1688,58,203,509,"2021-07-27"
1689,58,204,510,"2021-07-27"
1690,57,205,475,"2021-07-27"
1691,56,206,511,"2021-07-27"
1692,56,207,512,"2021-07-27"
1693,56,208,513,"2021-07-27"
1694,54,209,514,"2021-07-27"
1695,52,210,515,"2021-07-27"
1696,52,211,516,"2021-07-27"
1697,52,212,517,"2021-07-27"
1698,51,213,559,"2021-07-27"
1699,50,214,519,"2021-07-27"
1700,50,215,521,"2021-07-27"
1701,50,216,522,"2021-07-27"
1702,49,217,523,"2021-07-27"
1703,49,218,524,"2021-07-27"
1704,48,219,525,"2021-07-27"
1705,44,220,526,"2021-07-27"
1706,43,221,527,"2021-07-27"
1707,42,222,532,"2021-07-27"
1708,42,223,483,"2021-07-27"
1709,41,224,529,"2021-07-27"
1710,41,225,530,"2021-07-27"
1711,40,226,531,"2021-07-27"
1712,40,227,503,"2021-07-27"
1713,38,228,533,"2021-07-27"
1714,38,229,534,"2021-07-27"
1715,36,230,489,"2021-07-27"
1716,35,231,537,"2021-07-27"
1717,33,233,535,"2021-07-27"
1718,33,234,540,"2021-07-27"
1719,33,235,518,"2021-07-27"
1720,35,232,538,"2021-07-27"
1721,33,236,541,"2021-07-27"
1722,33,237,542,"2021-07-27"
1723,32,238,520,"2021-07-27"
1724,31,239,543,"2021-07-27"
1725,31,240,544,"2021-07-27"
1726,31,241,545,"2021-07-27"
1727,30,242,546,"2021-07-27"
1728,29,243,547,"2021-07-27"
1729,29,244,548,"2021-07-27"
1730,29,245,549,"2021-07-27"
1731,28,246,550,"2021-07-27"
1732,28,247,528,"2021-07-27"
1733,27,248,551,"2021-07-27"
1734,27,249,552,"2021-07-27"
1735,26,250,553,"2021-07-27"
1736,26,251,554,"2021-07-27"
1737,26,252,555,"2021-07-27"
1738,25,253,556,"2021-07-27"
1739,24,254,557,"2021-07-27"
1740,24,255,558,"2021-07-27"
1741,23,256,612,"2021-07-27"
1742,23,257,560,"2021-07-27"
1743,23,258,561,"2021-07-27"
1744,21,259,562,"2021-07-27"
1745,21,260,563,"2021-07-27"
1746,21,261,564,"2021-07-27"
1747,20,262,565,"2021-07-27"
1748,19,263,566,"2021-07-27"
1749,19,264,568,"2021-07-27"
1750,17,265,569,"2021-07-27"
1751,17,267,571,"2021-07-27"
1752,16,268,572,"2021-07-27"
1753,16,269,573,"2021-07-27"
1754,17,266,570,"2021-07-27"
1755,16,270,575,"2021-07-27"
1756,16,271,576,"2021-07-27"
1757,16,272,577,"2021-07-27"
1758,16,273,578,"2021-07-27"
1759,15,274,579,"2021-07-27"
1760,15,275,580,"2021-07-27"
1761,15,276,581,"2021-07-27"
1762,14,277,582,"2021-07-27"
1763,14,278,583,"2021-07-27"
1764,14,279,584,"2021-07-27"
1765,14,280,585,"2021-07-27"
1766,14,281,586,"2021-07-27"
1767,13,282,587,"2021-07-27"
1768,13,283,588,"2021-07-27"
1769,13,284,589,"2021-07-27"
1770,13,285,591,"2021-07-27"
1771,13,286,574,"2021-07-27"
1772,13,287,592,"2021-07-27"
1773,13,288,593,"2021-07-27"
1774,13,289,594,"2021-07-27"
1775,13,290,595,"2021-07-27"
1776,12,291,596,"2021-07-27"
1777,12,292,597,"2021-07-27"
1778,12,293,598,"2021-07-27"
1779,12,294,599,"2021-07-27"
1780,12,295,601,"2021-07-27"
1781,12,296,602,"2021-07-27"
1782,12,297,603,"2021-07-27"
1783,12,298,604,"2021-07-27"
1784,11,299,600,"2021-07-27"
1785,10,302,607,"2021-07-27"
1786,10,303,608,"2021-07-27"
1787,11,300,605,"2021-07-27"
1788,10,304,609,"2021-07-27"
1789,11,301,606,"2021-07-27"
1790,14117,0,303,"2021-07-28"
1791,5967,1,304,"2021-07-28"
1792,4598,2,305,"2021-07-28"
1793,3827,3,307,"2021-07-28"
1794,3758,4,306,"2021-07-28"
1795,3511,5,308,"2021-07-28"
1796,3406,6,309,"2021-07-28"
1797,3215,7,310,"2021-07-28"
1798,2976,8,311,"2021-07-28"
1799,2076,9,312,"2021-07-28"
1800,2034,10,313,"2021-07-28"
1801,2032,11,323,"2021-07-28"
1802,1941,12,328,"2021-07-28"
1803,1808,13,314,"2021-07-28"
1804,1790,14,325,"2021-07-28"
1805,1779,15,315,"2021-07-28"
1806,1687,16,317,"2021-07-28"
1807,1681,17,316,"2021-07-28"
1808,1652,18,319,"2021-07-28"
1809,1650,19,318,"2021-07-28"
1810,1568,20,320,"2021-07-28"
1811,1504,21,321,"2021-07-28"
1812,1498,22,322,"2021-07-28"
1813,1282,23,326,"2021-07-28"
1814,1271,24,345,"2021-07-28"
1815,1237,25,337,"2021-07-28"
1816,1232,26,324,"2021-07-28"
1817,1230,27,327,"2021-07-28"
1818,1212,28,336,"2021-07-28"
1819,1071,29,330,"2021-07-28"
1820,1027,30,329,"2021-07-28"
1821,1020,31,331,"2021-07-28"
1822,995,32,332,"2021-07-28"
1823,948,33,335,"2021-07-28"
1824,932,34,338,"2021-07-28"
1825,895,35,339,"2021-07-28"
1826,875,36,340,"2021-07-28"
1827,873,37,341,"2021-07-28"
1828,857,38,342,"2021-07-28"
1829,842,39,333,"2021-07-28"
1830,837,40,343,"2021-07-28"
1831,830,41,358,"2021-07-28"
1832,800,42,344,"2021-07-28"
1833,744,43,347,"2021-07-28"
1834,743,44,346,"2021-07-28"
1835,693,45,381,"2021-07-28"
1836,688,46,348,"2021-07-28"
1837,686,47,349,"2021-07-28"
1838,682,48,350,"2021-07-28"
1839,636,49,353,"2021-07-28"
1840,609,50,376,"2021-07-28"
1841,594,51,351,"2021-07-28"
1842,593,52,354,"2021-07-28"
1843,584,53,355,"2021-07-28"
1844,578,54,356,"2021-07-28"
1845,570,55,357,"2021-07-28"
1846,546,56,508,"2021-07-28"
1847,545,57,359,"2021-07-28"
1848,541,58,360,"2021-07-28"
1849,528,59,361,"2021-07-28"
1850,515,60,362,"2021-07-28"
1851,476,61,364,"2021-07-28"
1852,473,62,365,"2021-07-28"
1853,450,63,363,"2021-07-28"
1854,441,64,352,"2021-07-28"
1855,433,65,370,"2021-07-28"
1856,429,66,371,"2021-07-28"
1857,423,67,373,"2021-07-28"
1858,415,68,374,"2021-07-28"
1859,411,69,375,"2021-07-28"
1860,400,70,377,"2021-07-28"
1861,397,71,368,"2021-07-28"
1862,372,72,378,"2021-07-28"
1863,366,73,379,"2021-07-28"
1864,356,74,372,"2021-07-28"
1865,355,75,380,"2021-07-28"
1866,341,76,382,"2021-07-28"
1867,340,77,383,"2021-07-28"
1868,327,78,385,"2021-07-28"
1869,325,79,334,"2021-07-28"
1870,324,80,386,"2021-07-28"
1871,316,81,388,"2021-07-28"
1872,305,82,390,"2021-07-28"
1873,274,83,389,"2021-07-28"
1874,272,84,392,"2021-07-28"
1875,269,85,393,"2021-07-28"
1876,269,86,394,"2021-07-28"
1877,266,87,395,"2021-07-28"
1878,254,88,408,"2021-07-28"
1879,249,89,398,"2021-07-28"
1880,246,90,391,"2021-07-28"
1881,243,91,399,"2021-07-28"
1882,237,92,401,"2021-07-28"
1883,232,93,403,"2021-07-28"
1884,229,94,404,"2021-07-28"
1885,229,95,405,"2021-07-28"
1886,225,96,406,"2021-07-28"
1887,224,97,407,"2021-07-28"
1888,222,98,409,"2021-07-28"
1889,218,99,367,"2021-07-28"
1890,218,100,410,"2021-07-28"
1891,217,101,422,"2021-07-28"
1892,216,102,411,"2021-07-28"
1893,213,103,412,"2021-07-28"
1894,212,104,413,"2021-07-28"
1895,210,105,414,"2021-07-28"
1896,210,106,416,"2021-07-28"
1897,203,107,610,"2021-07-28"
1898,200,108,418,"2021-07-28"
1899,189,109,420,"2021-07-28"
1900,187,110,396,"2021-07-28"
1901,179,111,421,"2021-07-28"
1902,173,112,423,"2021-07-28"
1903,173,113,424,"2021-07-28"
1904,173,114,425,"2021-07-28"
1905,173,115,426,"2021-07-28"
1906,172,116,427,"2021-07-28"
1907,167,117,613,"2021-07-28"
1908,155,118,430,"2021-07-28"
1909,153,119,432,"2021-07-28"
1910,149,120,433,"2021-07-28"
1911,148,121,434,"2021-07-28"
1912,148,122,435,"2021-07-28"
1913,146,123,436,"2021-07-28"
1914,144,124,437,"2021-07-28"
1915,143,125,439,"2021-07-28"
1916,142,126,440,"2021-07-28"
1917,141,127,441,"2021-07-28"
1918,137,128,442,"2021-07-28"
1919,132,129,443,"2021-07-28"
1920,129,130,444,"2021-07-28"
1921,126,131,445,"2021-07-28"
1922,123,132,446,"2021-07-28"
1923,122,133,447,"2021-07-28"
1924,117,135,449,"2021-07-28"
1925,116,136,451,"2021-07-28"
1926,113,137,452,"2021-07-28"
1927,117,134,459,"2021-07-28"
1928,112,138,453,"2021-07-28"
1929,111,139,454,"2021-07-28"
1930,110,140,455,"2021-07-28"
1931,109,141,438,"2021-07-28"
1932,108,142,456,"2021-07-28"
1933,106,143,457,"2021-07-28"
1934,104,144,458,"2021-07-28"
1935,102,145,460,"2021-07-28"
1936,101,146,461,"2021-07-28"
1937,101,147,462,"2021-07-28"
1938,100,148,463,"2021-07-28"
1939,99,149,397,"2021-07-28"
1940,98,150,464,"2021-07-28"
1941,98,151,465,"2021-07-28"
1942,95,152,611,"2021-07-28"
1943,95,153,468,"2021-07-28"
1944,92,154,470,"2021-07-28"
1945,90,155,471,"2021-07-28"
1946,88,156,472,"2021-07-28"
1947,86,157,473,"2021-07-28"
1948,86,158,474,"2021-07-28"
1949,85,159,475,"2021-07-28"
1950,83,160,477,"2021-07-28"
1951,83,161,428,"2021-07-28"
1952,83,162,478,"2021-07-28"
1953,82,163,480,"2021-07-28"
1954,82,164,384,"2021-07-28"
1955,81,165,481,"2021-07-28"
1956,81,166,448,"2021-07-28"
1957,80,167,482,"2021-07-28"
1958,80,168,476,"2021-07-28"
1959,79,169,483,"2021-07-28"
1960,77,170,484,"2021-07-28"
1961,77,171,485,"2021-07-28"
1962,76,172,486,"2021-07-28"
1963,75,173,431,"2021-07-28"
1964,75,174,369,"2021-07-28"
1965,74,175,487,"2021-07-28"
1966,72,176,489,"2021-07-28"
1967,71,177,466,"2021-07-28"
1968,71,178,490,"2021-07-28"
1969,70,179,387,"2021-07-28"
1970,67,180,491,"2021-07-28"
1971,67,181,488,"2021-07-28"
1972,66,182,492,"2021-07-28"
1973,66,183,493,"2021-07-28"
1974,66,184,494,"2021-07-28"
1975,64,185,496,"2021-07-28"
1976,62,187,498,"2021-07-28"
1977,61,188,499,"2021-07-28"
1978,60,189,500,"2021-07-28"
1979,64,186,497,"2021-07-28"
1980,60,190,502,"2021-07-28"
1981,59,191,503,"2021-07-28"
1982,59,192,504,"2021-07-28"
1983,59,193,417,"2021-07-28"
1984,58,194,505,"2021-07-28"
1985,58,195,506,"2021-07-28"
1986,58,196,507,"2021-07-28"
1987,58,197,509,"2021-07-28"
1988,58,198,510,"2021-07-28"
1989,56,199,511,"2021-07-28"
1990,56,200,512,"2021-07-28"
1991,56,201,513,"2021-07-28"
1992,52,202,515,"2021-07-28"
1993,52,203,516,"2021-07-28"
1994,52,204,517,"2021-07-28"
1995,51,205,518,"2021-07-28"
1996,50,206,519,"2021-07-28"
1997,50,207,520,"2021-07-28"
1998,50,208,522,"2021-07-28"
1999,49,209,524,"2021-07-28"
2000,48,210,525,"2021-07-28"
2001,44,211,526,"2021-07-28"
2002,43,212,528,"2021-07-28"
2003,42,213,581,"2021-07-28"
2004,42,214,532,"2021-07-28"
2005,41,215,529,"2021-07-28"
2006,41,216,535,"2021-07-28"
2007,41,217,530,"2021-07-28"
2008,40,218,531,"2021-07-28"
2009,38,219,533,"2021-07-28"
2010,38,220,534,"2021-07-28"
2011,37,221,527,"2021-07-28"
2012,36,222,536,"2021-07-28"
2013,35,223,469,"2021-07-28"
2014,35,224,537,"2021-07-28"
2015,35,225,450,"2021-07-28"
2016,33,226,540,"2021-07-28"
2017,33,227,541,"2021-07-28"
2018,33,228,542,"2021-07-28"
2019,31,229,543,"2021-07-28"
2020,31,230,544,"2021-07-28"
2021,31,231,545,"2021-07-28"
2022,30,232,546,"2021-07-28"
2023,29,233,547,"2021-07-28"
2024,29,234,548,"2021-07-28"
2025,29,235,549,"2021-07-28"
2026,28,236,550,"2021-07-28"
2027,27,237,551,"2021-07-28"
2028,27,238,552,"2021-07-28"
2029,26,239,553,"2021-07-28"
2030,26,240,555,"2021-07-28"
2031,25,241,556,"2021-07-28"
2032,24,242,557,"2021-07-28"
2033,24,243,558,"2021-07-28"
2034,23,244,559,"2021-07-28"
2035,23,245,560,"2021-07-28"
2036,23,246,561,"2021-07-28"
2037,22,247,514,"2021-07-28"
2038,21,248,563,"2021-07-28"
2039,21,249,564,"2021-07-28"
2040,20,250,495,"2021-07-28"
2041,20,251,600,"2021-07-28"
2042,19,252,567,"2021-07-28"
2043,19,253,568,"2021-07-28"
2044,17,254,569,"2021-07-28"
2045,17,255,571,"2021-07-28"
2046,16,256,572,"2021-07-28"
2047,16,257,574,"2021-07-28"
2048,16,258,575,"2021-07-28"
2049,16,259,576,"2021-07-28"
2050,16,260,577,"2021-07-28"
2051,16,261,578,"2021-07-28"
2052,15,262,579,"2021-07-28"
2053,15,263,587,"2021-07-28"
2054,15,264,580,"2021-07-28"
2055,15,265,501,"2021-07-28"
2056,14,266,582,"2021-07-28"
2057,14,267,583,"2021-07-28"
2058,14,268,584,"2021-07-28"
2059,14,269,585,"2021-07-28"
2060,14,270,586,"2021-07-28"
2061,13,271,588,"2021-07-28"
2062,13,272,589,"2021-07-28"
2063,13,273,590,"2021-07-28"
2064,13,274,479,"2021-07-28"
2065,13,275,591,"2021-07-28"
2066,13,276,592,"2021-07-28"
2067,13,277,593,"2021-07-28"
2068,13,278,594,"2021-07-28"
2069,13,279,614,"2021-07-28"
2070,13,280,595,"2021-07-28"
2071,12,281,596,"2021-07-28"
2072,12,282,521,"2021-07-28"
2073,12,283,597,"2021-07-28"
2074,12,284,598,"2021-07-28"
2075,12,285,599,"2021-07-28"
2076,12,286,601,"2021-07-28"
2077,12,287,602,"2021-07-28"
2078,12,288,603,"2021-07-28"
2079,12,289,604,"2021-07-28"
2080,11,290,605,"2021-07-28"
2081,11,291,606,"2021-07-28"
2082,10,292,607,"2021-07-28"
2083,10,293,608,"2021-07-28"
2084,10,294,400,"2021-07-28"
2085,10,295,609,"2021-07-28"
2086,14342,0,303,"2021-07-29"
2087,6006,1,304,"2021-07-29"
2088,4598,2,305,"2021-07-29"
2089,3827,3,307,"2021-07-29"
2090,3786,4,306,"2021-07-29"
2091,3511,5,308,"2021-07-29"
2092,3414,6,309,"2021-07-29"
2093,3215,7,310,"2021-07-29"
2094,2976,8,311,"2021-07-29"
2095,2081,9,312,"2021-07-29"
2096,2041,10,313,"2021-07-29"
2097,1808,11,314,"2021-07-29"
2098,1779,12,315,"2021-07-29"
2099,1687,13,317,"2021-07-29"
2100,1681,14,316,"2021-07-29"
2101,1660,15,319,"2021-07-29"
2102,1650,16,318,"2021-07-29"
2103,1568,17,320,"2021-07-29"
2104,1504,18,321,"2021-07-29"
2105,1498,19,322,"2021-07-29"
2106,1484,20,324,"2021-07-29"
2107,1468,21,323,"2021-07-29"
2108,1327,22,325,"2021-07-29"
2109,1282,23,326,"2021-07-29"
2110,1230,24,327,"2021-07-29"
2111,1204,25,328,"2021-07-29"
2112,1076,26,330,"2021-07-29"
2113,1031,27,329,"2021-07-29"
2114,1020,28,331,"2021-07-29"
2115,995,29,332,"2021-07-29"
2116,948,30,335,"2021-07-29"
2117,932,31,338,"2021-07-29"
2118,930,32,336,"2021-07-29"
2119,921,33,337,"2021-07-29"
2120,895,34,339,"2021-07-29"
2121,875,35,340,"2021-07-29"
2122,873,36,341,"2021-07-29"
2123,864,37,342,"2021-07-29"
2124,850,38,333,"2021-07-29"
2125,837,39,343,"2021-07-29"
2126,800,40,344,"2021-07-29"
2127,796,41,345,"2021-07-29"
2128,746,42,347,"2021-07-29"
2129,743,43,346,"2021-07-29"
2130,688,44,348,"2021-07-29"
2131,686,45,349,"2021-07-29"
2132,684,46,350,"2021-07-29"
2133,663,47,334,"2021-07-29"
2134,636,48,353,"2021-07-29"
2135,624,49,352,"2021-07-29"
2136,594,50,351,"2021-07-29"
2137,593,51,354,"2021-07-29"
2138,584,52,355,"2021-07-29"
2139,578,53,356,"2021-07-29"
2140,570,54,357,"2021-07-29"
2141,542,55,358,"2021-07-29"
2142,541,56,360,"2021-07-29"
2143,540,57,359,"2021-07-29"
2144,528,58,361,"2021-07-29"
2145,515,59,362,"2021-07-29"
2146,476,60,364,"2021-07-29"
2147,473,61,365,"2021-07-29"
2148,470,62,366,"2021-07-29"
2149,470,63,367,"2021-07-29"
2150,450,64,363,"2021-07-29"
2151,433,65,370,"2021-07-29"
2152,429,66,371,"2021-07-29"
2153,423,67,373,"2021-07-29"
2154,415,68,374,"2021-07-29"
2155,411,69,375,"2021-07-29"
2156,400,70,376,"2021-07-29"
2157,400,71,377,"2021-07-29"
2158,397,72,368,"2021-07-29"
2159,372,73,378,"2021-07-29"
2160,366,74,379,"2021-07-29"
2161,356,75,372,"2021-07-29"
2162,355,76,381,"2021-07-29"
2163,355,77,380,"2021-07-29"
2164,341,78,382,"2021-07-29"
2165,340,79,383,"2021-07-29"
2166,331,80,384,"2021-07-29"
2167,327,81,385,"2021-07-29"
2168,324,82,386,"2021-07-29"
2169,316,83,388,"2021-07-29"
2170,307,84,390,"2021-07-29"
2171,274,85,369,"2021-07-29"
2172,274,86,389,"2021-07-29"
2173,272,87,392,"2021-07-29"
2174,269,88,393,"2021-07-29"
2175,269,89,394,"2021-07-29"
2176,266,90,395,"2021-07-29"
2177,254,91,408,"2021-07-29"
2178,249,92,398,"2021-07-29"
2179,246,93,391,"2021-07-29"
2180,243,94,615,"2021-07-29"
2181,237,95,401,"2021-07-29"
2182,232,96,402,"2021-07-29"
2183,232,97,403,"2021-07-29"
2184,229,98,422,"2021-07-29"
2185,229,99,404,"2021-07-29"
2186,229,100,405,"2021-07-29"
2187,225,101,406,"2021-07-29"
2188,224,102,407,"2021-07-29"
2189,222,103,409,"2021-07-29"
2190,218,104,410,"2021-07-29"
2191,216,105,411,"2021-07-29"
2192,213,106,412,"2021-07-29"
2193,212,107,413,"2021-07-29"
2194,210,108,414,"2021-07-29"
2195,210,109,416,"2021-07-29"
2196,200,110,418,"2021-07-29"
2197,191,111,419,"2021-07-29"
2198,189,112,420,"2021-07-29"
2199,187,113,396,"2021-07-29"
2200,179,114,421,"2021-07-29"
2201,173,115,423,"2021-07-29"
2202,173,116,424,"2021-07-29"
2203,173,117,425,"2021-07-29"
2204,173,118,426,"2021-07-29"
2205,172,119,427,"2021-07-29"
2206,167,120,429,"2021-07-29"
2207,155,121,430,"2021-07-29"
2208,153,122,432,"2021-07-29"
2209,149,123,433,"2021-07-29"
2210,148,124,434,"2021-07-29"
2211,146,125,436,"2021-07-29"
2212,144,126,610,"2021-07-29"
2213,144,127,437,"2021-07-29"
2214,142,128,440,"2021-07-29"
2215,141,129,441,"2021-07-29"
2216,129,130,444,"2021-07-29"
2217,126,131,445,"2021-07-29"
2218,123,132,446,"2021-07-29"
2219,122,133,447,"2021-07-29"
2220,119,134,459,"2021-07-29"
2221,119,135,428,"2021-07-29"
2222,117,136,449,"2021-07-29"
2223,116,137,451,"2021-07-29"
2224,113,138,452,"2021-07-29"
2225,112,139,439,"2021-07-29"
2226,112,140,453,"2021-07-29"
2227,111,141,454,"2021-07-29"
2228,110,142,455,"2021-07-29"
2229,109,143,438,"2021-07-29"
2230,108,144,456,"2021-07-29"
2231,107,145,442,"2021-07-29"
2232,106,146,457,"2021-07-29"
2233,104,147,458,"2021-07-29"
2234,102,148,460,"2021-07-29"
2235,101,149,461,"2021-07-29"
2236,101,150,462,"2021-07-29"
2237,100,151,463,"2021-07-29"
2238,99,152,397,"2021-07-29"
2239,98,153,435,"2021-07-29"
2240,98,154,464,"2021-07-29"
2241,98,155,465,"2021-07-29"
2242,95,156,468,"2021-07-29"
2243,92,157,470,"2021-07-29"
2244,92,158,387,"2021-07-29"
2245,90,159,471,"2021-07-29"
2246,88,160,472,"2021-07-29"
2247,86,161,473,"2021-07-29"
2248,86,162,474,"2021-07-29"
2249,85,163,475,"2021-07-29"
2250,83,164,477,"2021-07-29"
2251,83,165,478,"2021-07-29"
2252,82,166,443,"2021-07-29"
2253,82,167,480,"2021-07-29"
2254,81,168,481,"2021-07-29"
2255,81,169,448,"2021-07-29"
2256,80,170,482,"2021-07-29"
2257,80,171,476,"2021-07-29"
2258,80,172,431,"2021-07-29"
2259,77,173,484,"2021-07-29"
2260,77,174,485,"2021-07-29"
2261,76,175,486,"2021-07-29"
2262,74,176,487,"2021-07-29"
2263,71,177,466,"2021-07-29"
2264,71,178,490,"2021-07-29"
2265,67,179,491,"2021-07-29"
2266,67,180,488,"2021-07-29"
2267,66,181,492,"2021-07-29"
2268,66,182,493,"2021-07-29"
2269,66,183,499,"2021-07-29"
2270,66,184,494,"2021-07-29"
2271,64,185,496,"2021-07-29"
2272,64,186,497,"2021-07-29"
2273,62,187,498,"2021-07-29"
2274,60,188,500,"2021-07-29"
2275,60,189,502,"2021-07-29"
2276,59,190,504,"2021-07-29"
2277,59,191,417,"2021-07-29"
2278,58,192,505,"2021-07-29"
2279,58,193,506,"2021-07-29"
2280,58,194,507,"2021-07-29"
2281,58,195,508,"2021-07-29"
2282,58,196,509,"2021-07-29"
2283,58,197,510,"2021-07-29"
2284,56,198,511,"2021-07-29"
2285,56,199,512,"2021-07-29"
2286,56,200,513,"2021-07-29"
2287,52,201,515,"2021-07-29"
2288,52,202,516,"2021-07-29"
2289,52,203,517,"2021-07-29"
2290,51,204,526,"2021-07-29"
2291,50,205,519,"2021-07-29"
2292,50,206,522,"2021-07-29"
2293,49,207,524,"2021-07-29"
2294,48,208,525,"2021-07-29"
2295,47,209,581,"2021-07-29"
2296,43,210,616,"2021-07-29"
2297,42,211,479,"2021-07-29"
2298,42,212,532,"2021-07-29"
2299,41,213,529,"2021-07-29"
2300,41,214,535,"2021-07-29"
2301,41,215,530,"2021-07-29"
2302,40,216,531,"2021-07-29"
2303,38,217,533,"2021-07-29"
2304,38,218,534,"2021-07-29"
2305,37,219,527,"2021-07-29"
2306,35,220,469,"2021-07-29"
2307,35,221,537,"2021-07-29"
2308,35,222,450,"2021-07-29"
2309,33,223,540,"2021-07-29"
2310,33,224,541,"2021-07-29"
2311,33,225,542,"2021-07-29"
2312,31,226,559,"2021-07-29"
2313,31,227,543,"2021-07-29"
2314,31,228,544,"2021-07-29"
2315,31,229,545,"2021-07-29"
2316,30,230,546,"2021-07-29"
2317,29,231,547,"2021-07-29"
2318,28,232,550,"2021-07-29"
2319,27,233,552,"2021-07-29"
2320,26,234,553,"2021-07-29"
2321,26,235,554,"2021-07-29"
2322,26,236,555,"2021-07-29"
2323,25,237,556,"2021-07-29"
2324,24,238,557,"2021-07-29"
2325,24,239,558,"2021-07-29"
2326,23,240,560,"2021-07-29"
2327,23,241,561,"2021-07-29"
2328,22,242,514,"2021-07-29"
2329,21,243,562,"2021-07-29"
2330,21,244,563,"2021-07-29"
2331,21,245,564,"2021-07-29"
2332,20,246,565,"2021-07-29"
2333,20,247,495,"2021-07-29"
2334,20,248,600,"2021-07-29"
2335,19,249,566,"2021-07-29"
2336,19,250,567,"2021-07-29"
2337,19,251,568,"2021-07-29"
2338,17,252,569,"2021-07-29"
2339,17,253,571,"2021-07-29"
2340,16,254,572,"2021-07-29"
2341,16,255,574,"2021-07-29"
2342,16,256,575,"2021-07-29"
2343,16,257,576,"2021-07-29"
2344,16,258,577,"2021-07-29"
2345,16,259,578,"2021-07-29"
2346,15,260,579,"2021-07-29"
2347,15,261,587,"2021-07-29"
2348,15,262,580,"2021-07-29"
2349,15,263,501,"2021-07-29"
2350,14,264,582,"2021-07-29"
2351,14,265,583,"2021-07-29"
2352,14,266,584,"2021-07-29"
2353,14,267,585,"2021-07-29"
2354,14,268,586,"2021-07-29"
2355,13,269,588,"2021-07-29"
2356,13,270,589,"2021-07-29"
2357,13,271,590,"2021-07-29"
2358,13,272,591,"2021-07-29"
2359,13,273,483,"2021-07-29"
2360,13,274,617,"2021-07-29"
2361,13,275,592,"2021-07-29"
2362,13,276,593,"2021-07-29"
2363,13,277,594,"2021-07-29"
2364,13,278,614,"2021-07-29"
2365,13,279,595,"2021-07-29"
2366,12,280,596,"2021-07-29"
2367,12,281,521,"2021-07-29"
2368,12,282,597,"2021-07-29"
2369,12,283,598,"2021-07-29"
2370,12,284,599,"2021-07-29"
2371,12,285,601,"2021-07-29"
2372,12,286,602,"2021-07-29"
2373,12,287,603,"2021-07-29"
2374,12,288,604,"2021-07-29"
2375,11,289,605,"2021-07-29"
2376,11,290,606,"2021-07-29"
2377,10,291,607,"2021-07-29"
2378,10,292,608,"2021-07-29"
2379,10,293,400,"2021-07-29"
2380,10,294,618,"2021-07-29"
2381,10,295,609,"2021-07-29"
