id,fund,sort,"date",ticketId
257,15037,0,"2021-07-23",303
258,6036,1,"2021-07-23",304
259,4598,2,"2021-07-23",305
260,3861,3,"2021-07-23",306
261,3827,4,"2021-07-23",307
262,3634,5,"2021-07-23",308
263,3465,6,"2021-07-23",309
264,3215,7,"2021-07-23",310
265,2976,8,"2021-07-23",311
266,2176,9,"2021-07-23",312
267,2034,10,"2021-07-23",313
268,1808,11,"2021-07-23",314
269,1779,12,"2021-07-23",315
270,1718,13,"2021-07-23",316
271,1687,14,"2021-07-23",317
272,1651,15,"2021-07-23",318
273,1647,16,"2021-07-23",319
274,1568,17,"2021-07-23",320
275,1509,18,"2021-07-23",321
276,1498,19,"2021-07-23",322
277,1468,20,"2021-07-23",323
278,1460,21,"2021-07-23",324
279,1327,22,"2021-07-23",325
280,1282,23,"2021-07-23",326
281,1225,24,"2021-07-23",327
282,1204,25,"2021-07-23",328
283,1084,26,"2021-07-23",329
284,1071,27,"2021-07-23",330
285,1020,28,"2021-07-23",331
286,1019,29,"2021-07-23",332
287,975,30,"2021-07-23",333
288,962,31,"2021-07-23",334
289,948,32,"2021-07-23",335
290,930,33,"2021-07-23",336
291,921,34,"2021-07-23",337
292,913,35,"2021-07-23",338
293,895,36,"2021-07-23",339
294,875,37,"2021-07-23",340
295,873,38,"2021-07-23",341
296,857,39,"2021-07-23",342
297,837,40,"2021-07-23",343
298,800,41,"2021-07-23",344
299,796,42,"2021-07-23",345
300,743,43,"2021-07-23",346
301,737,44,"2021-07-23",347
302,688,45,"2021-07-23",348
303,686,46,"2021-07-23",349
304,675,47,"2021-07-23",350
305,657,48,"2021-07-23",351
306,643,49,"2021-07-23",352
307,642,50,"2021-07-23",353
308,593,51,"2021-07-23",354
309,584,52,"2021-07-23",355
310,578,53,"2021-07-23",356
311,568,54,"2021-07-23",357
312,542,55,"2021-07-23",358
313,540,56,"2021-07-23",359
314,535,57,"2021-07-23",360
315,528,58,"2021-07-23",361
316,515,59,"2021-07-23",362
317,507,60,"2021-07-23",363
318,476,61,"2021-07-23",364
319,473,62,"2021-07-23",365
320,470,63,"2021-07-23",366
321,470,64,"2021-07-23",367
322,446,65,"2021-07-23",368
323,446,66,"2021-07-23",369
324,433,67,"2021-07-23",370
325,429,68,"2021-07-23",371
326,425,69,"2021-07-23",372
327,423,70,"2021-07-23",373
328,415,71,"2021-07-23",374
329,411,72,"2021-07-23",375
330,400,73,"2021-07-23",376
331,387,74,"2021-07-23",377
332,372,75,"2021-07-23",378
333,366,76,"2021-07-23",379
334,358,77,"2021-07-23",380
335,355,78,"2021-07-23",381
336,341,79,"2021-07-23",382
337,340,80,"2021-07-23",383
338,331,81,"2021-07-23",384
339,327,82,"2021-07-23",385
340,324,83,"2021-07-23",386
341,317,84,"2021-07-23",387
342,316,85,"2021-07-23",388
343,295,86,"2021-07-23",389
344,289,87,"2021-07-23",390
345,279,88,"2021-07-23",391
346,277,89,"2021-07-23",392
347,269,90,"2021-07-23",393
348,269,91,"2021-07-23",394
349,266,92,"2021-07-23",395
350,264,93,"2021-07-23",396
351,261,94,"2021-07-23",397
352,249,95,"2021-07-23",398
353,243,96,"2021-07-23",399
354,238,97,"2021-07-23",400
355,232,98,"2021-07-23",401
356,232,99,"2021-07-23",402
357,232,100,"2021-07-23",403
358,229,101,"2021-07-23",404
359,229,102,"2021-07-23",405
360,225,103,"2021-07-23",406
361,224,104,"2021-07-23",407
362,223,105,"2021-07-23",408
363,222,106,"2021-07-23",409
364,218,107,"2021-07-23",410
365,216,108,"2021-07-23",411
366,213,109,"2021-07-23",412
367,210,110,"2021-07-23",413
368,210,111,"2021-07-23",414
369,203,112,"2021-07-23",415
370,201,113,"2021-07-23",416
371,201,114,"2021-07-23",417
372,200,115,"2021-07-23",418
373,191,116,"2021-07-23",419
374,189,117,"2021-07-23",420
375,179,118,"2021-07-23",421
376,174,119,"2021-07-23",422
377,173,120,"2021-07-23",423
378,173,121,"2021-07-23",424
379,173,122,"2021-07-23",425
380,173,123,"2021-07-23",426
381,172,124,"2021-07-23",427
382,169,125,"2021-07-23",428
383,167,126,"2021-07-23",429
384,155,127,"2021-07-23",430
385,154,128,"2021-07-23",431
386,153,129,"2021-07-23",432
387,149,130,"2021-07-23",433
388,148,131,"2021-07-23",434
389,148,132,"2021-07-23",435
390,146,133,"2021-07-23",436
391,144,134,"2021-07-23",437
392,143,135,"2021-07-23",438
393,143,136,"2021-07-23",439
394,142,137,"2021-07-23",440
395,141,138,"2021-07-23",441
396,137,139,"2021-07-23",442
397,132,140,"2021-07-23",443
398,129,141,"2021-07-23",444
399,126,142,"2021-07-23",445
400,123,143,"2021-07-23",446
401,122,144,"2021-07-23",447
402,121,145,"2021-07-23",448
403,117,146,"2021-07-23",449
404,116,147,"2021-07-23",450
405,116,148,"2021-07-23",451
406,113,149,"2021-07-23",452
407,112,150,"2021-07-23",453
408,111,151,"2021-07-23",454
409,110,152,"2021-07-23",455
410,108,153,"2021-07-23",456
411,106,154,"2021-07-23",457
412,104,155,"2021-07-23",458
413,102,156,"2021-07-23",459
414,102,157,"2021-07-23",460
415,101,158,"2021-07-23",461
416,101,159,"2021-07-23",462
417,100,160,"2021-07-23",463
418,98,161,"2021-07-23",464
419,98,162,"2021-07-23",465
420,97,163,"2021-07-23",466
421,95,164,"2021-07-23",467
422,95,165,"2021-07-23",468
423,94,166,"2021-07-23",469
424,92,167,"2021-07-23",470
425,90,168,"2021-07-23",471
426,88,169,"2021-07-23",472
427,86,170,"2021-07-23",473
428,86,171,"2021-07-23",474
429,85,172,"2021-07-23",475
430,85,173,"2021-07-23",476
431,83,174,"2021-07-23",477
432,83,175,"2021-07-23",478
433,82,176,"2021-07-23",479
434,82,177,"2021-07-23",480
435,81,178,"2021-07-23",481
436,80,179,"2021-07-23",482
437,79,180,"2021-07-23",483
438,77,181,"2021-07-23",484
439,77,182,"2021-07-23",485
440,76,183,"2021-07-23",486
441,74,184,"2021-07-23",487
442,72,185,"2021-07-23",488
443,72,186,"2021-07-23",489
444,71,187,"2021-07-23",490
445,67,188,"2021-07-23",491
446,66,189,"2021-07-23",492
447,66,190,"2021-07-23",493
448,66,191,"2021-07-23",494
449,64,192,"2021-07-23",495
450,64,193,"2021-07-23",496
451,64,194,"2021-07-23",497
452,62,195,"2021-07-23",498
453,61,196,"2021-07-23",499
454,60,197,"2021-07-23",500
455,60,198,"2021-07-23",501
456,60,199,"2021-07-23",502
457,59,200,"2021-07-23",503
458,59,201,"2021-07-23",504
459,58,202,"2021-07-23",505
460,58,203,"2021-07-23",506
461,58,204,"2021-07-23",507
462,58,205,"2021-07-23",508
463,58,206,"2021-07-23",509
464,58,207,"2021-07-23",510
465,56,208,"2021-07-23",511
466,56,209,"2021-07-23",512
467,56,210,"2021-07-23",513
468,54,211,"2021-07-23",514
469,52,212,"2021-07-23",515
470,52,213,"2021-07-23",516
471,52,214,"2021-07-23",517
472,51,215,"2021-07-23",518
473,50,216,"2021-07-23",519
474,50,217,"2021-07-23",520
475,50,218,"2021-07-23",521
476,50,219,"2021-07-23",522
477,49,220,"2021-07-23",523
478,49,221,"2021-07-23",524
479,48,222,"2021-07-23",525
480,44,223,"2021-07-23",526
481,43,224,"2021-07-23",527
482,43,225,"2021-07-23",528
483,41,226,"2021-07-23",529
484,41,227,"2021-07-23",530
485,41,228,"2021-07-23",531
486,40,229,"2021-07-23",532
487,38,230,"2021-07-23",533
488,38,231,"2021-07-23",534
489,37,232,"2021-07-23",535
490,36,233,"2021-07-23",536
491,35,234,"2021-07-23",537
492,35,235,"2021-07-23",538
493,34,236,"2021-07-23",539
494,33,237,"2021-07-23",540
495,33,238,"2021-07-23",541
496,33,239,"2021-07-23",542
497,31,240,"2021-07-23",543
498,31,241,"2021-07-23",544
499,31,242,"2021-07-23",545
500,30,243,"2021-07-23",546
501,29,244,"2021-07-23",547
502,29,245,"2021-07-23",548
503,29,246,"2021-07-23",549
504,28,247,"2021-07-23",550
505,27,248,"2021-07-23",551
506,27,249,"2021-07-23",552
507,26,250,"2021-07-23",553
508,26,251,"2021-07-23",554
509,26,252,"2021-07-23",555
510,25,253,"2021-07-23",556
511,24,254,"2021-07-23",557
512,24,255,"2021-07-23",558
513,23,256,"2021-07-23",559
514,23,257,"2021-07-23",560
515,23,258,"2021-07-23",561
516,21,259,"2021-07-23",562
517,21,260,"2021-07-23",563
518,21,261,"2021-07-23",564
519,20,262,"2021-07-23",565
520,19,263,"2021-07-23",566
521,19,264,"2021-07-23",567
522,19,265,"2021-07-23",568
523,17,266,"2021-07-23",569
524,17,267,"2021-07-23",570
525,17,268,"2021-07-23",571
526,16,269,"2021-07-23",572
527,16,270,"2021-07-23",573
528,16,271,"2021-07-23",574
529,16,272,"2021-07-23",575
530,16,273,"2021-07-23",576
531,16,274,"2021-07-23",577
532,16,275,"2021-07-23",578
533,15,276,"2021-07-23",579
534,15,277,"2021-07-23",580
535,15,278,"2021-07-23",581
536,14,279,"2021-07-23",582
537,14,280,"2021-07-23",583
538,14,281,"2021-07-23",584
539,14,282,"2021-07-23",585
540,14,283,"2021-07-23",586
541,13,284,"2021-07-23",587
542,13,285,"2021-07-23",588
543,13,286,"2021-07-23",589
544,13,287,"2021-07-23",590
545,13,288,"2021-07-23",591
546,13,289,"2021-07-23",592
547,13,290,"2021-07-23",593
548,13,291,"2021-07-23",594
549,13,292,"2021-07-23",595
550,12,293,"2021-07-23",596
551,12,294,"2021-07-23",597
552,12,295,"2021-07-23",598
553,12,296,"2021-07-23",599
554,12,297,"2021-07-23",600
555,12,298,"2021-07-23",601
556,12,299,"2021-07-23",602
557,12,300,"2021-07-23",603
558,12,301,"2021-07-23",604
559,11,302,"2021-07-23",605
560,11,303,"2021-07-23",606
561,10,304,"2021-07-23",607
562,10,305,"2021-07-23",608
563,10,306,"2021-07-23",609
564,15037,0,"2021-07-24",303
565,6036,1,"2021-07-24",304
566,4598,2,"2021-07-24",305
567,3861,3,"2021-07-24",306
568,3827,4,"2021-07-24",307
569,3634,5,"2021-07-24",308
570,3465,6,"2021-07-24",309
571,3215,7,"2021-07-24",310
572,2976,8,"2021-07-24",311
573,2176,9,"2021-07-24",312
574,2034,10,"2021-07-24",313
575,1808,11,"2021-07-24",314
576,1779,12,"2021-07-24",315
577,1718,13,"2021-07-24",316
578,1687,14,"2021-07-24",317
579,1651,15,"2021-07-24",318
580,1647,16,"2021-07-24",319
581,1568,17,"2021-07-24",320
582,1509,18,"2021-07-24",321
583,1498,19,"2021-07-24",322
584,1468,20,"2021-07-24",323
585,1460,21,"2021-07-24",324
586,1327,22,"2021-07-24",325
587,1282,23,"2021-07-24",326
588,1225,24,"2021-07-24",327
589,1204,25,"2021-07-24",328
590,1084,26,"2021-07-24",329
591,1071,27,"2021-07-24",330
592,1020,28,"2021-07-24",331
593,1019,29,"2021-07-24",332
594,975,30,"2021-07-24",333
595,962,31,"2021-07-24",334
596,948,32,"2021-07-24",335
597,930,33,"2021-07-24",336
598,921,34,"2021-07-24",337
599,913,35,"2021-07-24",338
600,895,36,"2021-07-24",339
601,875,37,"2021-07-24",340
602,873,38,"2021-07-24",341
603,857,39,"2021-07-24",342
604,837,40,"2021-07-24",343
605,800,41,"2021-07-24",344
606,796,42,"2021-07-24",345
607,743,43,"2021-07-24",346
608,737,44,"2021-07-24",347
609,688,45,"2021-07-24",348
610,686,46,"2021-07-24",349
611,675,47,"2021-07-24",350
612,657,48,"2021-07-24",351
613,643,49,"2021-07-24",352
614,642,50,"2021-07-24",353
615,584,52,"2021-07-24",355
616,593,51,"2021-07-24",354
617,578,53,"2021-07-24",356
618,568,54,"2021-07-24",357
619,542,55,"2021-07-24",358
620,540,56,"2021-07-24",359
621,535,57,"2021-07-24",360
622,528,58,"2021-07-24",361
623,515,59,"2021-07-24",362
624,507,60,"2021-07-24",363
625,476,61,"2021-07-24",364
626,470,63,"2021-07-24",366
627,473,62,"2021-07-24",365
628,470,64,"2021-07-24",367
629,446,65,"2021-07-24",368
630,446,66,"2021-07-24",369
631,433,67,"2021-07-24",370
632,429,68,"2021-07-24",371
633,425,69,"2021-07-24",372
634,423,70,"2021-07-24",373
635,411,72,"2021-07-24",375
636,415,71,"2021-07-24",374
637,400,73,"2021-07-24",376
638,387,74,"2021-07-24",377
639,372,75,"2021-07-24",378
640,366,76,"2021-07-24",379
641,358,77,"2021-07-24",380
642,355,78,"2021-07-24",381
643,341,79,"2021-07-24",382
644,340,80,"2021-07-24",383
645,331,81,"2021-07-24",384
646,327,82,"2021-07-24",385
647,324,83,"2021-07-24",386
648,317,84,"2021-07-24",387
649,316,85,"2021-07-24",388
650,295,86,"2021-07-24",389
651,289,87,"2021-07-24",390
652,279,88,"2021-07-24",391
653,277,89,"2021-07-24",392
654,269,90,"2021-07-24",393
655,269,91,"2021-07-24",394
656,266,92,"2021-07-24",395
657,264,93,"2021-07-24",396
658,261,94,"2021-07-24",397
659,249,95,"2021-07-24",398
660,243,96,"2021-07-24",399
661,238,97,"2021-07-24",400
662,232,98,"2021-07-24",401
663,232,99,"2021-07-24",402
664,229,101,"2021-07-24",404
665,232,100,"2021-07-24",403
666,229,102,"2021-07-24",405
667,225,103,"2021-07-24",406
668,224,104,"2021-07-24",407
669,223,105,"2021-07-24",408
670,222,106,"2021-07-24",409
671,218,107,"2021-07-24",410
672,216,108,"2021-07-24",411
673,213,109,"2021-07-24",412
674,210,110,"2021-07-24",413
675,210,111,"2021-07-24",414
676,203,112,"2021-07-24",415
677,201,113,"2021-07-24",416
678,201,114,"2021-07-24",417
679,200,115,"2021-07-24",418
680,191,116,"2021-07-24",419
681,189,117,"2021-07-24",420
682,179,118,"2021-07-24",421
683,174,119,"2021-07-24",422
684,173,120,"2021-07-24",423
685,173,121,"2021-07-24",424
686,173,122,"2021-07-24",425
687,173,123,"2021-07-24",426
688,172,124,"2021-07-24",427
689,169,125,"2021-07-24",428
690,167,126,"2021-07-24",429
691,155,127,"2021-07-24",430
692,154,128,"2021-07-24",431
693,153,129,"2021-07-24",432
694,149,130,"2021-07-24",433
695,148,131,"2021-07-24",434
696,148,132,"2021-07-24",435
697,146,133,"2021-07-24",436
698,144,134,"2021-07-24",437
699,143,135,"2021-07-24",438
700,143,136,"2021-07-24",439
701,142,137,"2021-07-24",440
702,141,138,"2021-07-24",441
703,137,139,"2021-07-24",442
704,132,140,"2021-07-24",443
705,129,141,"2021-07-24",444
706,123,143,"2021-07-24",446
707,122,144,"2021-07-24",447
708,121,145,"2021-07-24",448
709,117,146,"2021-07-24",449
710,126,142,"2021-07-24",445
711,116,147,"2021-07-24",450
712,116,148,"2021-07-24",451
713,113,149,"2021-07-24",452
714,112,150,"2021-07-24",453
715,111,151,"2021-07-24",454
716,110,152,"2021-07-24",455
717,108,153,"2021-07-24",456
718,106,154,"2021-07-24",457
719,104,155,"2021-07-24",458
720,102,156,"2021-07-24",459
721,102,157,"2021-07-24",460
722,101,158,"2021-07-24",461
723,101,159,"2021-07-24",462
724,100,160,"2021-07-24",463
725,98,161,"2021-07-24",464
726,98,162,"2021-07-24",465
727,97,163,"2021-07-24",466
728,95,164,"2021-07-24",467
729,95,165,"2021-07-24",468
730,94,166,"2021-07-24",469
731,92,167,"2021-07-24",470
732,90,168,"2021-07-24",471
733,88,169,"2021-07-24",472
734,86,170,"2021-07-24",473
735,86,171,"2021-07-24",474
736,85,172,"2021-07-24",475
737,85,173,"2021-07-24",476
738,83,174,"2021-07-24",477
739,83,175,"2021-07-24",478
740,82,177,"2021-07-24",480
741,82,176,"2021-07-24",479
742,81,178,"2021-07-24",481
743,80,179,"2021-07-24",482
744,79,180,"2021-07-24",483
745,77,181,"2021-07-24",484
746,77,182,"2021-07-24",485
747,76,183,"2021-07-24",486
748,74,184,"2021-07-24",487
749,72,185,"2021-07-24",488
750,72,186,"2021-07-24",489
751,71,187,"2021-07-24",490
752,67,188,"2021-07-24",491
753,66,189,"2021-07-24",492
754,66,190,"2021-07-24",493
755,66,191,"2021-07-24",494
756,64,192,"2021-07-24",495
757,64,193,"2021-07-24",496
758,64,194,"2021-07-24",497
759,62,195,"2021-07-24",498
760,61,196,"2021-07-24",499
761,60,197,"2021-07-24",500
762,60,198,"2021-07-24",501
763,60,199,"2021-07-24",502
764,59,200,"2021-07-24",503
765,59,201,"2021-07-24",504
766,58,202,"2021-07-24",505
767,58,203,"2021-07-24",506
768,58,204,"2021-07-24",507
769,58,205,"2021-07-24",508
770,58,206,"2021-07-24",509
771,58,207,"2021-07-24",510
772,56,208,"2021-07-24",511
773,56,209,"2021-07-24",512
774,56,210,"2021-07-24",513
775,54,211,"2021-07-24",514
776,52,212,"2021-07-24",515
777,52,213,"2021-07-24",516
778,52,214,"2021-07-24",517
779,51,215,"2021-07-24",518
780,50,216,"2021-07-24",519
781,50,217,"2021-07-24",520
782,50,219,"2021-07-24",522
783,50,218,"2021-07-24",521
784,49,220,"2021-07-24",523
785,49,221,"2021-07-24",524
786,48,222,"2021-07-24",525
787,44,223,"2021-07-24",526
788,43,224,"2021-07-24",527
789,43,225,"2021-07-24",528
790,41,226,"2021-07-24",529
791,41,227,"2021-07-24",530
792,41,228,"2021-07-24",531
793,40,229,"2021-07-24",532
794,38,230,"2021-07-24",533
795,38,231,"2021-07-24",534
796,37,232,"2021-07-24",535
797,36,233,"2021-07-24",536
798,35,234,"2021-07-24",537
799,35,235,"2021-07-24",538
800,34,236,"2021-07-24",539
801,33,237,"2021-07-24",540
802,33,238,"2021-07-24",541
803,33,239,"2021-07-24",542
804,31,240,"2021-07-24",543
805,31,241,"2021-07-24",544
806,31,242,"2021-07-24",545
807,30,243,"2021-07-24",546
808,29,244,"2021-07-24",547
809,29,245,"2021-07-24",548
810,29,246,"2021-07-24",549
811,28,247,"2021-07-24",550
812,27,248,"2021-07-24",551
813,27,249,"2021-07-24",552
814,26,250,"2021-07-24",553
815,26,251,"2021-07-24",554
816,26,252,"2021-07-24",555
817,25,253,"2021-07-24",556
818,24,254,"2021-07-24",557
819,24,255,"2021-07-24",558
820,23,256,"2021-07-24",559
821,23,257,"2021-07-24",560
822,23,258,"2021-07-24",561
823,21,259,"2021-07-24",562
824,21,260,"2021-07-24",563
825,21,261,"2021-07-24",564
826,20,262,"2021-07-24",565
827,19,263,"2021-07-24",566
828,19,264,"2021-07-24",567
829,19,265,"2021-07-24",568
830,17,266,"2021-07-24",569
831,17,267,"2021-07-24",570
832,17,268,"2021-07-24",571
833,16,269,"2021-07-24",572
834,16,270,"2021-07-24",573
835,16,271,"2021-07-24",574
836,16,272,"2021-07-24",575
837,16,273,"2021-07-24",576
838,16,274,"2021-07-24",577
839,16,275,"2021-07-24",578
840,15,276,"2021-07-24",579
841,15,277,"2021-07-24",580
842,15,278,"2021-07-24",581
843,14,280,"2021-07-24",583
844,14,279,"2021-07-24",582
845,14,281,"2021-07-24",584
846,14,282,"2021-07-24",585
847,14,283,"2021-07-24",586
848,13,284,"2021-07-24",587
849,13,285,"2021-07-24",588
850,13,286,"2021-07-24",589
851,13,287,"2021-07-24",590
852,13,288,"2021-07-24",591
853,13,289,"2021-07-24",592
854,13,290,"2021-07-24",593
855,13,292,"2021-07-24",595
856,13,291,"2021-07-24",594
857,12,293,"2021-07-24",596
858,12,294,"2021-07-24",597
859,12,296,"2021-07-24",599
860,12,295,"2021-07-24",598
861,12,297,"2021-07-24",600
862,12,298,"2021-07-24",601
863,12,299,"2021-07-24",602
864,12,300,"2021-07-24",603
865,12,301,"2021-07-24",604
866,11,302,"2021-07-24",605
867,11,303,"2021-07-24",606
868,10,304,"2021-07-24",607
869,10,305,"2021-07-24",608
870,10,306,"2021-07-24",609
871,15037,0,"2021-07-25",303
872,6036,1,"2021-07-25",304
873,4598,2,"2021-07-25",305
874,3861,3,"2021-07-25",306
875,3827,4,"2021-07-25",307
876,3634,5,"2021-07-25",308
877,3465,6,"2021-07-25",309
878,3215,7,"2021-07-25",310
879,2976,8,"2021-07-25",311
880,2176,9,"2021-07-25",312
881,2034,10,"2021-07-25",313
882,1808,11,"2021-07-25",314
883,1779,12,"2021-07-25",315
884,1718,13,"2021-07-25",316
885,1687,14,"2021-07-25",317
886,1651,15,"2021-07-25",318
887,1647,16,"2021-07-25",319
888,1568,17,"2021-07-25",320
889,1509,18,"2021-07-25",321
890,1498,19,"2021-07-25",322
891,1468,20,"2021-07-25",323
892,1460,21,"2021-07-25",324
893,1327,22,"2021-07-25",325
894,1282,23,"2021-07-25",326
895,1225,24,"2021-07-25",327
896,1204,25,"2021-07-25",328
897,1071,27,"2021-07-25",330
898,1020,28,"2021-07-25",331
899,1019,29,"2021-07-25",332
900,1084,26,"2021-07-25",329
901,975,30,"2021-07-25",333
902,962,31,"2021-07-25",334
903,948,32,"2021-07-25",335
904,930,33,"2021-07-25",336
905,921,34,"2021-07-25",337
906,913,35,"2021-07-25",338
907,895,36,"2021-07-25",339
908,875,37,"2021-07-25",340
909,873,38,"2021-07-25",341
910,857,39,"2021-07-25",342
911,837,40,"2021-07-25",343
912,800,41,"2021-07-25",344
913,796,42,"2021-07-25",345
914,743,43,"2021-07-25",346
915,737,44,"2021-07-25",347
916,686,46,"2021-07-25",349
917,688,45,"2021-07-25",348
918,675,47,"2021-07-25",350
919,657,48,"2021-07-25",351
920,643,49,"2021-07-25",352
921,642,50,"2021-07-25",353
922,593,51,"2021-07-25",354
923,584,52,"2021-07-25",355
924,578,53,"2021-07-25",356
925,568,54,"2021-07-25",357
926,542,55,"2021-07-25",358
927,540,56,"2021-07-25",359
928,535,57,"2021-07-25",360
929,528,58,"2021-07-25",361
930,515,59,"2021-07-25",362
931,507,60,"2021-07-25",363
932,476,61,"2021-07-25",364
933,473,62,"2021-07-25",365
934,470,63,"2021-07-25",366
935,470,64,"2021-07-25",367
936,446,65,"2021-07-25",368
937,446,66,"2021-07-25",369
938,433,67,"2021-07-25",370
939,429,68,"2021-07-25",371
940,425,69,"2021-07-25",372
941,423,70,"2021-07-25",373
942,415,71,"2021-07-25",374
943,411,72,"2021-07-25",375
944,400,73,"2021-07-25",376
945,387,74,"2021-07-25",377
946,372,75,"2021-07-25",378
947,366,76,"2021-07-25",379
948,358,77,"2021-07-25",380
949,355,78,"2021-07-25",381
950,341,79,"2021-07-25",382
951,340,80,"2021-07-25",383
952,331,81,"2021-07-25",384
953,327,82,"2021-07-25",385
954,324,83,"2021-07-25",386
955,317,84,"2021-07-25",387
956,316,85,"2021-07-25",388
957,295,86,"2021-07-25",389
958,289,87,"2021-07-25",390
959,279,88,"2021-07-25",391
960,277,89,"2021-07-25",392
961,269,90,"2021-07-25",393
962,269,91,"2021-07-25",394
963,266,92,"2021-07-25",395
964,264,93,"2021-07-25",396
965,261,94,"2021-07-25",397
966,249,95,"2021-07-25",398
967,243,96,"2021-07-25",399
968,238,97,"2021-07-25",400
969,232,98,"2021-07-25",401
970,232,99,"2021-07-25",402
971,232,100,"2021-07-25",403
972,229,101,"2021-07-25",404
973,229,102,"2021-07-25",405
974,225,103,"2021-07-25",406
975,224,104,"2021-07-25",407
976,223,105,"2021-07-25",408
977,222,106,"2021-07-25",409
978,218,107,"2021-07-25",410
979,216,108,"2021-07-25",411
980,213,109,"2021-07-25",412
981,210,110,"2021-07-25",413
982,210,111,"2021-07-25",414
983,203,112,"2021-07-25",415
984,201,113,"2021-07-25",416
985,201,114,"2021-07-25",417
986,200,115,"2021-07-25",418
987,191,116,"2021-07-25",419
988,189,117,"2021-07-25",420
989,179,118,"2021-07-25",421
990,174,119,"2021-07-25",422
991,173,120,"2021-07-25",423
992,173,121,"2021-07-25",424
993,173,122,"2021-07-25",425
994,173,123,"2021-07-25",426
995,172,124,"2021-07-25",427
996,169,125,"2021-07-25",428
997,167,126,"2021-07-25",429
998,155,127,"2021-07-25",430
999,154,128,"2021-07-25",431
1000,153,129,"2021-07-25",432
1001,149,130,"2021-07-25",433
1002,148,131,"2021-07-25",434
1003,148,132,"2021-07-25",435
1004,146,133,"2021-07-25",436
1005,144,134,"2021-07-25",437
1006,143,135,"2021-07-25",438
1007,143,136,"2021-07-25",439
1008,142,137,"2021-07-25",440
1009,141,138,"2021-07-25",441
1010,137,139,"2021-07-25",442
1011,132,140,"2021-07-25",443
1012,129,141,"2021-07-25",444
1013,126,142,"2021-07-25",445
1014,123,143,"2021-07-25",446
1015,122,144,"2021-07-25",447
1016,121,145,"2021-07-25",448
1017,117,146,"2021-07-25",449
1018,116,147,"2021-07-25",450
1019,116,148,"2021-07-25",451
1020,113,149,"2021-07-25",452
1021,112,150,"2021-07-25",453
1022,111,151,"2021-07-25",454
1023,110,152,"2021-07-25",455
1024,108,153,"2021-07-25",456
1025,106,154,"2021-07-25",457
1026,104,155,"2021-07-25",458
1027,102,156,"2021-07-25",459
1028,102,157,"2021-07-25",460
1029,101,158,"2021-07-25",461
1030,101,159,"2021-07-25",462
1031,100,160,"2021-07-25",463
1032,98,161,"2021-07-25",464
1033,98,162,"2021-07-25",465
1034,97,163,"2021-07-25",466
1035,95,164,"2021-07-25",467
1036,95,165,"2021-07-25",468
1037,94,166,"2021-07-25",469
1038,92,167,"2021-07-25",470
1039,90,168,"2021-07-25",471
1040,88,169,"2021-07-25",472
1041,86,170,"2021-07-25",473
1042,86,171,"2021-07-25",474
1043,85,172,"2021-07-25",475
1044,85,173,"2021-07-25",476
1045,83,174,"2021-07-25",477
1046,83,175,"2021-07-25",478
1047,82,176,"2021-07-25",479
1048,82,177,"2021-07-25",480
1049,81,178,"2021-07-25",481
1050,80,179,"2021-07-25",482
1051,79,180,"2021-07-25",483
1052,77,181,"2021-07-25",484
1053,77,182,"2021-07-25",485
1054,76,183,"2021-07-25",486
1055,74,184,"2021-07-25",487
1056,72,185,"2021-07-25",488
1057,72,186,"2021-07-25",489
1058,71,187,"2021-07-25",490
1059,67,188,"2021-07-25",491
1060,66,189,"2021-07-25",492
1061,66,190,"2021-07-25",493
1062,66,191,"2021-07-25",494
1063,64,192,"2021-07-25",495
1064,64,193,"2021-07-25",496
1065,64,194,"2021-07-25",497
1066,62,195,"2021-07-25",498
1067,61,196,"2021-07-25",499
1068,60,197,"2021-07-25",500
1069,60,198,"2021-07-25",501
1070,60,199,"2021-07-25",502
1071,59,200,"2021-07-25",503
1072,59,201,"2021-07-25",504
1073,58,202,"2021-07-25",505
1074,58,203,"2021-07-25",506
1075,58,204,"2021-07-25",507
1076,58,205,"2021-07-25",508
1077,58,206,"2021-07-25",509
1078,58,207,"2021-07-25",510
1079,56,208,"2021-07-25",511
1080,56,209,"2021-07-25",512
1081,56,210,"2021-07-25",513
1082,54,211,"2021-07-25",514
1083,52,212,"2021-07-25",515
1084,52,213,"2021-07-25",516
1085,52,214,"2021-07-25",517
1086,51,215,"2021-07-25",518
1087,50,216,"2021-07-25",519
1088,50,217,"2021-07-25",520
1089,50,218,"2021-07-25",521
1090,50,219,"2021-07-25",522
1091,49,220,"2021-07-25",523
1092,49,221,"2021-07-25",524
1093,48,222,"2021-07-25",525
1094,44,223,"2021-07-25",526
1095,43,224,"2021-07-25",527
1096,43,225,"2021-07-25",528
1097,41,226,"2021-07-25",529
1098,41,227,"2021-07-25",530
1099,41,228,"2021-07-25",531
1100,40,229,"2021-07-25",532
1101,38,230,"2021-07-25",533
1102,38,231,"2021-07-25",534
1103,37,232,"2021-07-25",535
1104,36,233,"2021-07-25",536
1105,35,234,"2021-07-25",537
1106,35,235,"2021-07-25",538
1107,34,236,"2021-07-25",539
1108,33,237,"2021-07-25",540
1109,33,238,"2021-07-25",541
1110,33,239,"2021-07-25",542
1111,31,240,"2021-07-25",543
1112,31,241,"2021-07-25",544
1113,31,242,"2021-07-25",545
1114,30,243,"2021-07-25",546
1115,29,244,"2021-07-25",547
1116,29,245,"2021-07-25",548
1117,29,246,"2021-07-25",549
1118,28,247,"2021-07-25",550
1119,27,248,"2021-07-25",551
1120,26,250,"2021-07-25",553
1121,27,249,"2021-07-25",552
1122,26,251,"2021-07-25",554
1123,26,252,"2021-07-25",555
1124,25,253,"2021-07-25",556
1125,24,254,"2021-07-25",557
1126,24,255,"2021-07-25",558
1127,23,256,"2021-07-25",559
1128,23,257,"2021-07-25",560
1129,23,258,"2021-07-25",561
1130,21,259,"2021-07-25",562
1131,21,260,"2021-07-25",563
1132,21,261,"2021-07-25",564
1133,20,262,"2021-07-25",565
1134,19,263,"2021-07-25",566
1135,19,264,"2021-07-25",567
1136,19,265,"2021-07-25",568
1137,17,266,"2021-07-25",569
1138,17,267,"2021-07-25",570
1139,17,268,"2021-07-25",571
1140,16,269,"2021-07-25",572
1141,16,270,"2021-07-25",573
1142,16,271,"2021-07-25",574
1143,16,272,"2021-07-25",575
1144,16,273,"2021-07-25",576
1145,16,274,"2021-07-25",577
1146,16,275,"2021-07-25",578
1147,15,276,"2021-07-25",579
1148,15,277,"2021-07-25",580
1149,15,278,"2021-07-25",581
1150,14,279,"2021-07-25",582
1151,14,280,"2021-07-25",583
1152,14,281,"2021-07-25",584
1153,14,282,"2021-07-25",585
1154,14,283,"2021-07-25",586
1155,13,284,"2021-07-25",587
1156,13,285,"2021-07-25",588
1157,13,286,"2021-07-25",589
1158,13,287,"2021-07-25",590
1159,13,288,"2021-07-25",591
1160,13,289,"2021-07-25",592
1161,13,290,"2021-07-25",593
1162,13,291,"2021-07-25",594
1163,13,292,"2021-07-25",595
1164,12,293,"2021-07-25",596
1165,12,294,"2021-07-25",597
1166,12,295,"2021-07-25",598
1167,12,296,"2021-07-25",599
1168,12,297,"2021-07-25",600
1169,12,298,"2021-07-25",601
1170,12,299,"2021-07-25",602
1171,12,300,"2021-07-25",603
1172,12,301,"2021-07-25",604
1173,11,302,"2021-07-25",605
1174,11,303,"2021-07-25",606
1175,10,304,"2021-07-25",607
1176,10,305,"2021-07-25",608
1177,10,306,"2021-07-25",609
1178,15037,0,"2021-07-26",303
1179,6036,1,"2021-07-26",304
1180,4598,2,"2021-07-26",305
1181,3861,3,"2021-07-26",306
1182,3827,4,"2021-07-26",307
1183,3634,5,"2021-07-26",308
1184,3465,6,"2021-07-26",309
1185,3215,7,"2021-07-26",310
1186,2976,8,"2021-07-26",311
1187,2176,9,"2021-07-26",312
1188,2034,10,"2021-07-26",313
1189,1808,11,"2021-07-26",314
1190,1718,13,"2021-07-26",316
1191,1779,12,"2021-07-26",315
1192,1687,14,"2021-07-26",317
1193,1651,15,"2021-07-26",318
1194,1647,16,"2021-07-26",319
1195,1568,17,"2021-07-26",320
1196,1509,18,"2021-07-26",321
1197,1498,19,"2021-07-26",322
1198,1468,20,"2021-07-26",323
1199,1460,21,"2021-07-26",324
1200,1327,22,"2021-07-26",325
1201,1282,23,"2021-07-26",326
1202,1225,24,"2021-07-26",327
1203,1204,25,"2021-07-26",328
1204,1084,26,"2021-07-26",329
1205,1071,27,"2021-07-26",330
1206,1020,28,"2021-07-26",331
1207,1019,29,"2021-07-26",332
1208,975,30,"2021-07-26",333
1209,962,31,"2021-07-26",334
1210,948,32,"2021-07-26",335
1211,930,33,"2021-07-26",336
1212,921,34,"2021-07-26",337
1213,913,35,"2021-07-26",338
1214,895,36,"2021-07-26",339
1215,875,37,"2021-07-26",340
1216,873,38,"2021-07-26",341
1217,857,39,"2021-07-26",342
1218,837,40,"2021-07-26",343
1219,800,41,"2021-07-26",344
1220,796,42,"2021-07-26",345
1221,743,43,"2021-07-26",346
1222,737,44,"2021-07-26",347
1223,688,45,"2021-07-26",348
1224,686,46,"2021-07-26",349
1225,675,47,"2021-07-26",350
1226,657,48,"2021-07-26",351
1227,643,49,"2021-07-26",352
1228,642,50,"2021-07-26",353
1229,593,51,"2021-07-26",354
1230,584,52,"2021-07-26",355
1231,578,53,"2021-07-26",356
1232,568,54,"2021-07-26",357
1233,542,55,"2021-07-26",358
1234,540,56,"2021-07-26",359
1235,535,57,"2021-07-26",360
1236,528,58,"2021-07-26",361
1237,515,59,"2021-07-26",362
1238,507,60,"2021-07-26",363
1239,476,61,"2021-07-26",364
1240,473,62,"2021-07-26",365
1241,470,63,"2021-07-26",366
1242,470,64,"2021-07-26",367
1243,446,65,"2021-07-26",368
1244,446,66,"2021-07-26",369
1245,433,67,"2021-07-26",370
1246,429,68,"2021-07-26",371
1247,425,69,"2021-07-26",372
1248,423,70,"2021-07-26",373
1249,415,71,"2021-07-26",374
1250,411,72,"2021-07-26",375
1251,400,73,"2021-07-26",376
1252,387,74,"2021-07-26",377
1253,372,75,"2021-07-26",378
1254,366,76,"2021-07-26",379
1255,358,77,"2021-07-26",380
1256,355,78,"2021-07-26",381
1257,341,79,"2021-07-26",382
1258,340,80,"2021-07-26",383
1259,331,81,"2021-07-26",384
1260,327,82,"2021-07-26",385
1261,324,83,"2021-07-26",386
1262,317,84,"2021-07-26",387
1263,316,85,"2021-07-26",388
1264,295,86,"2021-07-26",389
1265,289,87,"2021-07-26",390
1266,279,88,"2021-07-26",391
1267,277,89,"2021-07-26",392
1268,269,90,"2021-07-26",393
1269,269,91,"2021-07-26",394
1270,266,92,"2021-07-26",395
1271,264,93,"2021-07-26",396
1272,261,94,"2021-07-26",397
1273,249,95,"2021-07-26",398
1274,243,96,"2021-07-26",399
1275,238,97,"2021-07-26",400
1276,232,98,"2021-07-26",401
1277,232,99,"2021-07-26",402
1278,232,100,"2021-07-26",403
1279,229,101,"2021-07-26",404
1280,229,102,"2021-07-26",405
1281,225,103,"2021-07-26",406
1282,224,104,"2021-07-26",407
1283,223,105,"2021-07-26",408
1284,222,106,"2021-07-26",409
1285,218,107,"2021-07-26",410
1286,216,108,"2021-07-26",411
1287,213,109,"2021-07-26",412
1288,210,110,"2021-07-26",413
1289,210,111,"2021-07-26",414
1290,203,112,"2021-07-26",415
1291,201,113,"2021-07-26",416
1292,201,114,"2021-07-26",417
1293,200,115,"2021-07-26",418
1294,191,116,"2021-07-26",419
1295,189,117,"2021-07-26",420
1296,179,118,"2021-07-26",421
1297,174,119,"2021-07-26",422
1298,173,120,"2021-07-26",423
1299,173,121,"2021-07-26",424
1300,173,122,"2021-07-26",425
1301,173,123,"2021-07-26",426
1302,172,124,"2021-07-26",427
1303,169,125,"2021-07-26",428
1304,167,126,"2021-07-26",429
1305,155,127,"2021-07-26",430
1306,154,128,"2021-07-26",431
1307,153,129,"2021-07-26",432
1308,149,130,"2021-07-26",433
1309,148,131,"2021-07-26",434
1310,148,132,"2021-07-26",435
1311,146,133,"2021-07-26",436
1312,144,134,"2021-07-26",437
1313,143,135,"2021-07-26",438
1314,143,136,"2021-07-26",439
1315,142,137,"2021-07-26",440
1316,141,138,"2021-07-26",441
1317,137,139,"2021-07-26",442
1318,132,140,"2021-07-26",443
1319,129,141,"2021-07-26",444
1320,126,142,"2021-07-26",445
1321,123,143,"2021-07-26",446
1322,122,144,"2021-07-26",447
1323,121,145,"2021-07-26",448
1324,117,146,"2021-07-26",449
1325,116,147,"2021-07-26",450
1326,116,148,"2021-07-26",451
1327,113,149,"2021-07-26",452
1328,112,150,"2021-07-26",453
1329,111,151,"2021-07-26",454
1330,110,152,"2021-07-26",455
1331,108,153,"2021-07-26",456
1332,106,154,"2021-07-26",457
1333,104,155,"2021-07-26",458
1334,102,156,"2021-07-26",459
1335,102,157,"2021-07-26",460
1336,101,158,"2021-07-26",461
1337,101,159,"2021-07-26",462
1338,100,160,"2021-07-26",463
1339,98,161,"2021-07-26",464
1340,98,162,"2021-07-26",465
1341,97,163,"2021-07-26",466
1342,95,164,"2021-07-26",467
1343,95,165,"2021-07-26",468
1344,94,166,"2021-07-26",469
1345,92,167,"2021-07-26",470
1346,90,168,"2021-07-26",471
1347,88,169,"2021-07-26",472
1348,86,170,"2021-07-26",473
1349,86,171,"2021-07-26",474
1350,85,172,"2021-07-26",475
1351,85,173,"2021-07-26",476
1352,83,174,"2021-07-26",477
1353,83,175,"2021-07-26",478
1354,82,176,"2021-07-26",479
1355,82,177,"2021-07-26",480
1356,81,178,"2021-07-26",481
1357,80,179,"2021-07-26",482
1358,79,180,"2021-07-26",483
1359,77,181,"2021-07-26",484
1360,77,182,"2021-07-26",485
1361,76,183,"2021-07-26",486
1362,74,184,"2021-07-26",487
1363,72,185,"2021-07-26",488
1364,72,186,"2021-07-26",489
1365,71,187,"2021-07-26",490
1366,67,188,"2021-07-26",491
1367,66,189,"2021-07-26",492
1368,66,190,"2021-07-26",493
1369,66,191,"2021-07-26",494
1370,64,192,"2021-07-26",495
1371,64,193,"2021-07-26",496
1372,64,194,"2021-07-26",497
1373,62,195,"2021-07-26",498
1374,61,196,"2021-07-26",499
1375,60,197,"2021-07-26",500
1376,60,198,"2021-07-26",501
1377,60,199,"2021-07-26",502
1378,59,200,"2021-07-26",503
1379,59,201,"2021-07-26",504
1380,58,202,"2021-07-26",505
1381,58,203,"2021-07-26",506
1382,58,204,"2021-07-26",507
1383,58,205,"2021-07-26",508
1384,58,206,"2021-07-26",509
1385,58,207,"2021-07-26",510
1386,56,208,"2021-07-26",511
1387,56,209,"2021-07-26",512
1388,56,210,"2021-07-26",513
1389,54,211,"2021-07-26",514
1390,52,212,"2021-07-26",515
1391,52,213,"2021-07-26",516
1392,52,214,"2021-07-26",517
1393,51,215,"2021-07-26",518
1394,50,216,"2021-07-26",519
1395,50,217,"2021-07-26",520
1396,50,218,"2021-07-26",521
1397,50,219,"2021-07-26",522
1398,49,220,"2021-07-26",523
1399,49,221,"2021-07-26",524
1400,48,222,"2021-07-26",525
1401,44,223,"2021-07-26",526
1402,43,224,"2021-07-26",527
1403,43,225,"2021-07-26",528
1404,41,226,"2021-07-26",529
1405,41,227,"2021-07-26",530
1406,41,228,"2021-07-26",531
1407,40,229,"2021-07-26",532
1408,38,230,"2021-07-26",533
1409,38,231,"2021-07-26",534
1410,37,232,"2021-07-26",535
1411,36,233,"2021-07-26",536
1412,35,234,"2021-07-26",537
1413,35,235,"2021-07-26",538
1414,34,236,"2021-07-26",539
1415,33,237,"2021-07-26",540
1416,33,238,"2021-07-26",541
1417,33,239,"2021-07-26",542
1418,31,240,"2021-07-26",543
1419,31,241,"2021-07-26",544
1420,31,242,"2021-07-26",545
1421,30,243,"2021-07-26",546
1422,29,244,"2021-07-26",547
1423,29,245,"2021-07-26",548
1424,29,246,"2021-07-26",549
1425,28,247,"2021-07-26",550
1426,27,248,"2021-07-26",551
1427,27,249,"2021-07-26",552
1428,26,250,"2021-07-26",553
1429,26,251,"2021-07-26",554
1430,26,252,"2021-07-26",555
1431,25,253,"2021-07-26",556
1432,24,254,"2021-07-26",557
1433,23,256,"2021-07-26",559
1434,24,255,"2021-07-26",558
1435,23,257,"2021-07-26",560
1436,23,258,"2021-07-26",561
1437,21,259,"2021-07-26",562
1438,21,260,"2021-07-26",563
1439,21,261,"2021-07-26",564
1440,20,262,"2021-07-26",565
1441,19,263,"2021-07-26",566
1442,19,264,"2021-07-26",567
1443,19,265,"2021-07-26",568
1444,17,266,"2021-07-26",569
1445,17,267,"2021-07-26",570
1446,17,268,"2021-07-26",571
1447,16,269,"2021-07-26",572
1448,16,270,"2021-07-26",573
1449,16,271,"2021-07-26",574
1450,16,272,"2021-07-26",575
1451,16,273,"2021-07-26",576
1452,16,274,"2021-07-26",577
1453,16,275,"2021-07-26",578
1454,15,276,"2021-07-26",579
1455,15,277,"2021-07-26",580
1456,15,278,"2021-07-26",581
1457,14,279,"2021-07-26",582
1458,14,280,"2021-07-26",583
1459,14,281,"2021-07-26",584
1460,14,282,"2021-07-26",585
1461,14,283,"2021-07-26",586
1462,13,284,"2021-07-26",587
1463,13,285,"2021-07-26",588
1464,13,286,"2021-07-26",589
1465,13,287,"2021-07-26",590
1466,13,288,"2021-07-26",591
1467,13,289,"2021-07-26",592
1468,13,290,"2021-07-26",593
1469,13,291,"2021-07-26",594
1470,13,292,"2021-07-26",595
1471,12,293,"2021-07-26",596
1472,12,294,"2021-07-26",597
1473,12,295,"2021-07-26",598
1474,12,297,"2021-07-26",600
1475,12,296,"2021-07-26",599
1476,12,298,"2021-07-26",601
1477,12,299,"2021-07-26",602
1478,12,300,"2021-07-26",603
1479,12,301,"2021-07-26",604
1480,11,302,"2021-07-26",605
1481,11,303,"2021-07-26",606
1482,10,304,"2021-07-26",607
1483,10,305,"2021-07-26",608
1484,10,306,"2021-07-26",609
1485,14871,0,"2021-07-27",303
1486,6036,1,"2021-07-27",304
1487,4604,2,"2021-07-27",305
1488,3841,3,"2021-07-27",306
1489,3811,4,"2021-07-27",307
1490,3634,5,"2021-07-27",308
1491,3457,6,"2021-07-27",309
1492,3213,7,"2021-07-27",310
1493,2967,8,"2021-07-27",311
1494,2138,9,"2021-07-27",312
1495,2041,10,"2021-07-27",313
1496,2032,11,"2021-07-27",323
1497,1941,12,"2021-07-27",328
1498,1808,13,"2021-07-27",314
1499,1790,14,"2021-07-27",325
1500,1779,15,"2021-07-27",315
1501,1708,16,"2021-07-27",316
1502,1687,17,"2021-07-27",317
1503,1650,18,"2021-07-27",318
1504,1650,19,"2021-07-27",319
1505,1568,20,"2021-07-27",320
1506,1509,21,"2021-07-27",321
1507,1481,22,"2021-07-27",322
1508,1460,23,"2021-07-27",324
1509,1282,24,"2021-07-27",326
1510,1271,25,"2021-07-27",345
1511,1237,26,"2021-07-27",337
1512,1224,27,"2021-07-27",327
1513,1212,28,"2021-07-27",336
1514,1088,29,"2021-07-27",329
1515,1071,30,"2021-07-27",330
1516,1020,31,"2021-07-27",331
1517,1019,32,"2021-07-27",332
1518,979,33,"2021-07-27",333
1519,948,34,"2021-07-27",335
1520,927,35,"2021-07-27",334
1521,913,36,"2021-07-27",338
1522,895,37,"2021-07-27",339
1523,875,38,"2021-07-27",340
1524,873,39,"2021-07-27",341
1525,857,40,"2021-07-27",342
1526,837,41,"2021-07-27",343
1527,830,42,"2021-07-27",358
1528,800,43,"2021-07-27",344
1529,737,45,"2021-07-27",347
1530,693,46,"2021-07-27",381
1531,743,44,"2021-07-27",346
1532,688,47,"2021-07-27",348
1533,686,48,"2021-07-27",349
1534,675,49,"2021-07-27",350
1535,657,50,"2021-07-27",351
1536,647,51,"2021-07-27",352
1537,636,52,"2021-07-27",353
1538,609,53,"2021-07-27",376
1539,593,54,"2021-07-27",354
1540,584,55,"2021-07-27",355
1541,578,56,"2021-07-27",356
1542,570,57,"2021-07-27",357
1543,546,58,"2021-07-27",508
1544,545,59,"2021-07-27",359
1545,537,60,"2021-07-27",360
1546,528,61,"2021-07-27",361
1547,515,62,"2021-07-27",362
1548,505,63,"2021-07-27",363
1549,499,64,"2021-07-27",365
1550,476,65,"2021-07-27",364
1551,470,66,"2021-07-27",366
1552,470,67,"2021-07-27",367
1553,446,68,"2021-07-27",368
1554,433,69,"2021-07-27",370
1555,429,70,"2021-07-27",371
1556,425,71,"2021-07-27",372
1557,423,72,"2021-07-27",373
1558,415,73,"2021-07-27",374
1559,411,74,"2021-07-27",375
1560,387,75,"2021-07-27",377
1561,372,76,"2021-07-27",378
1562,366,77,"2021-07-27",379
1563,358,78,"2021-07-27",380
1564,355,79,"2021-07-27",369
1565,341,80,"2021-07-27",382
1566,340,81,"2021-07-27",383
1567,331,82,"2021-07-27",384
1568,327,83,"2021-07-27",385
1569,324,84,"2021-07-27",386
1570,316,85,"2021-07-27",388
1571,295,86,"2021-07-27",389
1572,289,87,"2021-07-27",390
1573,284,88,"2021-07-27",397
1574,279,89,"2021-07-27",391
1575,272,90,"2021-07-27",392
1576,269,91,"2021-07-27",393
1577,269,92,"2021-07-27",394
1578,266,93,"2021-07-27",395
1579,264,94,"2021-07-27",396
1580,250,95,"2021-07-27",387
1581,249,96,"2021-07-27",398
1582,243,97,"2021-07-27",399
1583,241,98,"2021-07-27",408
1584,235,99,"2021-07-27",401
1585,232,100,"2021-07-27",402
1586,232,101,"2021-07-27",403
1587,229,102,"2021-07-27",404
1588,229,103,"2021-07-27",405
1589,225,104,"2021-07-27",406
1590,224,105,"2021-07-27",407
1591,222,106,"2021-07-27",409
1592,218,107,"2021-07-27",410
1593,216,108,"2021-07-27",411
1594,213,109,"2021-07-27",412
1595,212,110,"2021-07-27",413
1596,210,111,"2021-07-27",414
1597,201,112,"2021-07-27",417
1598,200,113,"2021-07-27",416
1599,200,114,"2021-07-27",418
1600,191,115,"2021-07-27",419
1601,189,116,"2021-07-27",420
1602,180,117,"2021-07-27",400
1603,180,118,"2021-07-27",422
1604,179,119,"2021-07-27",421
1605,173,120,"2021-07-27",424
1606,173,121,"2021-07-27",425
1607,173,122,"2021-07-27",426
1608,173,123,"2021-07-27",610
1609,172,124,"2021-07-27",427
1610,169,125,"2021-07-27",428
1611,167,126,"2021-07-27",429
1612,160,127,"2021-07-27",423
1613,155,128,"2021-07-27",430
1614,154,129,"2021-07-27",431
1615,153,130,"2021-07-27",432
1616,149,131,"2021-07-27",433
1617,148,132,"2021-07-27",434
1618,146,133,"2021-07-27",436
1619,144,134,"2021-07-27",437
1620,143,135,"2021-07-27",438
1621,142,136,"2021-07-27",440
1622,141,137,"2021-07-27",441
1623,137,138,"2021-07-27",442
1624,129,139,"2021-07-27",444
1625,126,140,"2021-07-27",445
1626,123,141,"2021-07-27",446
1627,122,142,"2021-07-27",447
1628,121,143,"2021-07-27",466
1629,121,144,"2021-07-27",448
1630,117,145,"2021-07-27",449
1631,116,146,"2021-07-27",451
1632,113,147,"2021-07-27",452
1633,112,148,"2021-07-27",439
1634,112,149,"2021-07-27",453
1635,111,150,"2021-07-27",454
1636,110,151,"2021-07-27",455
1637,108,152,"2021-07-27",456
1638,106,153,"2021-07-27",457
1639,102,155,"2021-07-27",460
1640,101,156,"2021-07-27",461
1641,101,157,"2021-07-27",459
1642,104,154,"2021-07-27",458
1643,101,158,"2021-07-27",462
1644,100,159,"2021-07-27",463
1645,98,160,"2021-07-27",435
1646,98,161,"2021-07-27",464
1647,98,162,"2021-07-27",465
1648,95,163,"2021-07-27",467
1649,94,165,"2021-07-27",469
1650,92,166,"2021-07-27",470
1651,95,164,"2021-07-27",611
1652,90,167,"2021-07-27",468
1653,90,168,"2021-07-27",471
1654,88,169,"2021-07-27",472
1655,86,170,"2021-07-27",474
1656,83,171,"2021-07-27",477
1657,83,172,"2021-07-27",478
1658,82,173,"2021-07-27",479
1659,82,174,"2021-07-27",443
1660,82,175,"2021-07-27",480
1661,81,176,"2021-07-27",481
1662,80,177,"2021-07-27",482
1663,80,178,"2021-07-27",476
1664,77,179,"2021-07-27",484
1665,77,180,"2021-07-27",485
1666,76,181,"2021-07-27",486
1667,74,182,"2021-07-27",487
1668,71,183,"2021-07-27",490
1669,70,184,"2021-07-27",450
1670,67,185,"2021-07-27",491
1671,67,186,"2021-07-27",488
1672,66,187,"2021-07-27",492
1673,66,188,"2021-07-27",493
1674,66,189,"2021-07-27",499
1675,66,190,"2021-07-27",494
1676,64,191,"2021-07-27",496
1677,62,193,"2021-07-27",498
1678,64,192,"2021-07-27",497
1679,60,194,"2021-07-27",500
1680,60,195,"2021-07-27",501
1681,60,196,"2021-07-27",502
1682,59,197,"2021-07-27",504
1683,59,198,"2021-07-27",495
1684,58,199,"2021-07-27",505
1685,58,200,"2021-07-27",506
1686,58,201,"2021-07-27",507
1687,58,202,"2021-07-27",473
1688,58,203,"2021-07-27",509
1689,58,204,"2021-07-27",510
1690,57,205,"2021-07-27",475
1691,56,206,"2021-07-27",511
1692,56,207,"2021-07-27",512
1693,56,208,"2021-07-27",513
1694,54,209,"2021-07-27",514
1695,52,210,"2021-07-27",515
1696,52,211,"2021-07-27",516
1697,52,212,"2021-07-27",517
1698,51,213,"2021-07-27",559
1699,50,214,"2021-07-27",519
1700,50,215,"2021-07-27",521
1701,50,216,"2021-07-27",522
1702,49,217,"2021-07-27",523
1703,49,218,"2021-07-27",524
1704,48,219,"2021-07-27",525
1705,44,220,"2021-07-27",526
1706,43,221,"2021-07-27",527
1707,42,222,"2021-07-27",532
1708,42,223,"2021-07-27",483
1709,41,224,"2021-07-27",529
1710,41,225,"2021-07-27",530
1711,40,226,"2021-07-27",531
1712,40,227,"2021-07-27",503
1713,38,228,"2021-07-27",533
1714,38,229,"2021-07-27",534
1715,36,230,"2021-07-27",489
1716,35,231,"2021-07-27",537
1717,33,233,"2021-07-27",535
1718,33,234,"2021-07-27",540
1719,33,235,"2021-07-27",518
1720,35,232,"2021-07-27",538
1721,33,236,"2021-07-27",541
1722,33,237,"2021-07-27",542
1723,32,238,"2021-07-27",520
1724,31,239,"2021-07-27",543
1725,31,240,"2021-07-27",544
1726,31,241,"2021-07-27",545
1727,30,242,"2021-07-27",546
1728,29,243,"2021-07-27",547
1729,29,244,"2021-07-27",548
1730,29,245,"2021-07-27",549
1731,28,246,"2021-07-27",550
1732,28,247,"2021-07-27",528
1733,27,248,"2021-07-27",551
1734,27,249,"2021-07-27",552
1735,26,250,"2021-07-27",553
1736,26,251,"2021-07-27",554
1737,26,252,"2021-07-27",555
1738,25,253,"2021-07-27",556
1739,24,254,"2021-07-27",557
1740,24,255,"2021-07-27",558
1741,23,256,"2021-07-27",612
1742,23,257,"2021-07-27",560
1743,23,258,"2021-07-27",561
1744,21,259,"2021-07-27",562
1745,21,260,"2021-07-27",563
1746,21,261,"2021-07-27",564
1747,20,262,"2021-07-27",565
1748,19,263,"2021-07-27",566
1749,19,264,"2021-07-27",568
1750,17,265,"2021-07-27",569
1751,17,267,"2021-07-27",571
1752,16,268,"2021-07-27",572
1753,16,269,"2021-07-27",573
1754,17,266,"2021-07-27",570
1755,16,270,"2021-07-27",575
1756,16,271,"2021-07-27",576
1757,16,272,"2021-07-27",577
1758,16,273,"2021-07-27",578
1759,15,274,"2021-07-27",579
1760,15,275,"2021-07-27",580
1761,15,276,"2021-07-27",581
1762,14,277,"2021-07-27",582
1763,14,278,"2021-07-27",583
1764,14,279,"2021-07-27",584
1765,14,280,"2021-07-27",585
1766,14,281,"2021-07-27",586
1767,13,282,"2021-07-27",587
1768,13,283,"2021-07-27",588
1769,13,284,"2021-07-27",589
1770,13,285,"2021-07-27",591
1771,13,286,"2021-07-27",574
1772,13,287,"2021-07-27",592
1773,13,288,"2021-07-27",593
1774,13,289,"2021-07-27",594
1775,13,290,"2021-07-27",595
1776,12,291,"2021-07-27",596
1777,12,292,"2021-07-27",597
1778,12,293,"2021-07-27",598
1779,12,294,"2021-07-27",599
1780,12,295,"2021-07-27",601
1781,12,296,"2021-07-27",602
1782,12,297,"2021-07-27",603
1783,12,298,"2021-07-27",604
1784,11,299,"2021-07-27",600
1785,10,302,"2021-07-27",607
1786,10,303,"2021-07-27",608
1787,11,300,"2021-07-27",605
1788,10,304,"2021-07-27",609
1789,11,301,"2021-07-27",606
1790,14117,0,"2021-07-28",303
1791,5967,1,"2021-07-28",304
1792,4598,2,"2021-07-28",305
1793,3827,3,"2021-07-28",307
1794,3758,4,"2021-07-28",306
1795,3511,5,"2021-07-28",308
1796,3406,6,"2021-07-28",309
1797,3215,7,"2021-07-28",310
1798,2976,8,"2021-07-28",311
1799,2076,9,"2021-07-28",312
1800,2034,10,"2021-07-28",313
1801,2032,11,"2021-07-28",323
1802,1941,12,"2021-07-28",328
1803,1808,13,"2021-07-28",314
1804,1790,14,"2021-07-28",325
1805,1779,15,"2021-07-28",315
1806,1687,16,"2021-07-28",317
1807,1681,17,"2021-07-28",316
1808,1652,18,"2021-07-28",319
1809,1650,19,"2021-07-28",318
1810,1568,20,"2021-07-28",320
1811,1504,21,"2021-07-28",321
1812,1498,22,"2021-07-28",322
1813,1282,23,"2021-07-28",326
1814,1271,24,"2021-07-28",345
1815,1237,25,"2021-07-28",337
1816,1232,26,"2021-07-28",324
1817,1230,27,"2021-07-28",327
1818,1212,28,"2021-07-28",336
1819,1071,29,"2021-07-28",330
1820,1027,30,"2021-07-28",329
1821,1020,31,"2021-07-28",331
1822,995,32,"2021-07-28",332
1823,948,33,"2021-07-28",335
1824,932,34,"2021-07-28",338
1825,895,35,"2021-07-28",339
1826,875,36,"2021-07-28",340
1827,873,37,"2021-07-28",341
1828,857,38,"2021-07-28",342
1829,842,39,"2021-07-28",333
1830,837,40,"2021-07-28",343
1831,830,41,"2021-07-28",358
1832,800,42,"2021-07-28",344
1833,744,43,"2021-07-28",347
1834,743,44,"2021-07-28",346
1835,693,45,"2021-07-28",381
1836,688,46,"2021-07-28",348
1837,686,47,"2021-07-28",349
1838,682,48,"2021-07-28",350
1839,636,49,"2021-07-28",353
1840,609,50,"2021-07-28",376
1841,594,51,"2021-07-28",351
1842,593,52,"2021-07-28",354
1843,584,53,"2021-07-28",355
1844,578,54,"2021-07-28",356
1845,570,55,"2021-07-28",357
1846,546,56,"2021-07-28",508
1847,545,57,"2021-07-28",359
1848,541,58,"2021-07-28",360
1849,528,59,"2021-07-28",361
1850,515,60,"2021-07-28",362
1851,476,61,"2021-07-28",364
1852,473,62,"2021-07-28",365
1853,450,63,"2021-07-28",363
1854,441,64,"2021-07-28",352
1855,433,65,"2021-07-28",370
1856,429,66,"2021-07-28",371
1857,423,67,"2021-07-28",373
1858,415,68,"2021-07-28",374
1859,411,69,"2021-07-28",375
1860,400,70,"2021-07-28",377
1861,397,71,"2021-07-28",368
1862,372,72,"2021-07-28",378
1863,366,73,"2021-07-28",379
1864,356,74,"2021-07-28",372
1865,355,75,"2021-07-28",380
1866,341,76,"2021-07-28",382
1867,340,77,"2021-07-28",383
1868,327,78,"2021-07-28",385
1869,325,79,"2021-07-28",334
1870,324,80,"2021-07-28",386
1871,316,81,"2021-07-28",388
1872,305,82,"2021-07-28",390
1873,274,83,"2021-07-28",389
1874,272,84,"2021-07-28",392
1875,269,85,"2021-07-28",393
1876,269,86,"2021-07-28",394
1877,266,87,"2021-07-28",395
1878,254,88,"2021-07-28",408
1879,249,89,"2021-07-28",398
1880,246,90,"2021-07-28",391
1881,243,91,"2021-07-28",399
1882,237,92,"2021-07-28",401
1883,232,93,"2021-07-28",403
1884,229,94,"2021-07-28",404
1885,229,95,"2021-07-28",405
1886,225,96,"2021-07-28",406
1887,224,97,"2021-07-28",407
1888,222,98,"2021-07-28",409
1889,218,99,"2021-07-28",367
1890,218,100,"2021-07-28",410
1891,217,101,"2021-07-28",422
1892,216,102,"2021-07-28",411
1893,213,103,"2021-07-28",412
1894,212,104,"2021-07-28",413
1895,210,105,"2021-07-28",414
1896,210,106,"2021-07-28",416
1897,203,107,"2021-07-28",610
1898,200,108,"2021-07-28",418
1899,189,109,"2021-07-28",420
1900,187,110,"2021-07-28",396
1901,179,111,"2021-07-28",421
1902,173,112,"2021-07-28",423
1903,173,113,"2021-07-28",424
1904,173,114,"2021-07-28",425
1905,173,115,"2021-07-28",426
1906,172,116,"2021-07-28",427
1907,167,117,"2021-07-28",613
1908,155,118,"2021-07-28",430
1909,153,119,"2021-07-28",432
1910,149,120,"2021-07-28",433
1911,148,121,"2021-07-28",434
1912,148,122,"2021-07-28",435
1913,146,123,"2021-07-28",436
1914,144,124,"2021-07-28",437
1915,143,125,"2021-07-28",439
1916,142,126,"2021-07-28",440
1917,141,127,"2021-07-28",441
1918,137,128,"2021-07-28",442
1919,132,129,"2021-07-28",443
1920,129,130,"2021-07-28",444
1921,126,131,"2021-07-28",445
1922,123,132,"2021-07-28",446
1923,122,133,"2021-07-28",447
1924,117,135,"2021-07-28",449
1925,116,136,"2021-07-28",451
1926,113,137,"2021-07-28",452
1927,117,134,"2021-07-28",459
1928,112,138,"2021-07-28",453
1929,111,139,"2021-07-28",454
1930,110,140,"2021-07-28",455
1931,109,141,"2021-07-28",438
1932,108,142,"2021-07-28",456
1933,106,143,"2021-07-28",457
1934,104,144,"2021-07-28",458
1935,102,145,"2021-07-28",460
1936,101,146,"2021-07-28",461
1937,101,147,"2021-07-28",462
1938,100,148,"2021-07-28",463
1939,99,149,"2021-07-28",397
1940,98,150,"2021-07-28",464
1941,98,151,"2021-07-28",465
1942,95,152,"2021-07-28",611
1943,95,153,"2021-07-28",468
1944,92,154,"2021-07-28",470
1945,90,155,"2021-07-28",471
1946,88,156,"2021-07-28",472
1947,86,157,"2021-07-28",473
1948,86,158,"2021-07-28",474
1949,85,159,"2021-07-28",475
1950,83,160,"2021-07-28",477
1951,83,161,"2021-07-28",428
1952,83,162,"2021-07-28",478
1953,82,163,"2021-07-28",480
1954,82,164,"2021-07-28",384
1955,81,165,"2021-07-28",481
1956,81,166,"2021-07-28",448
1957,80,167,"2021-07-28",482
1958,80,168,"2021-07-28",476
1959,79,169,"2021-07-28",483
1960,77,170,"2021-07-28",484
1961,77,171,"2021-07-28",485
1962,76,172,"2021-07-28",486
1963,75,173,"2021-07-28",431
1964,75,174,"2021-07-28",369
1965,74,175,"2021-07-28",487
1966,72,176,"2021-07-28",489
1967,71,177,"2021-07-28",466
1968,71,178,"2021-07-28",490
1969,70,179,"2021-07-28",387
1970,67,180,"2021-07-28",491
1971,67,181,"2021-07-28",488
1972,66,182,"2021-07-28",492
1973,66,183,"2021-07-28",493
1974,66,184,"2021-07-28",494
1975,64,185,"2021-07-28",496
1976,62,187,"2021-07-28",498
1977,61,188,"2021-07-28",499
1978,60,189,"2021-07-28",500
1979,64,186,"2021-07-28",497
1980,60,190,"2021-07-28",502
1981,59,191,"2021-07-28",503
1982,59,192,"2021-07-28",504
1983,59,193,"2021-07-28",417
1984,58,194,"2021-07-28",505
1985,58,195,"2021-07-28",506
1986,58,196,"2021-07-28",507
1987,58,197,"2021-07-28",509
1988,58,198,"2021-07-28",510
1989,56,199,"2021-07-28",511
1990,56,200,"2021-07-28",512
1991,56,201,"2021-07-28",513
1992,52,202,"2021-07-28",515
1993,52,203,"2021-07-28",516
1994,52,204,"2021-07-28",517
1995,51,205,"2021-07-28",518
1996,50,206,"2021-07-28",519
1997,50,207,"2021-07-28",520
1998,50,208,"2021-07-28",522
1999,49,209,"2021-07-28",524
2000,48,210,"2021-07-28",525
2001,44,211,"2021-07-28",526
2002,43,212,"2021-07-28",528
2003,42,213,"2021-07-28",581
2004,42,214,"2021-07-28",532
2005,41,215,"2021-07-28",529
2006,41,216,"2021-07-28",535
2007,41,217,"2021-07-28",530
2008,40,218,"2021-07-28",531
2009,38,219,"2021-07-28",533
2010,38,220,"2021-07-28",534
2011,37,221,"2021-07-28",527
2012,36,222,"2021-07-28",536
2013,35,223,"2021-07-28",469
2014,35,224,"2021-07-28",537
2015,35,225,"2021-07-28",450
2016,33,226,"2021-07-28",540
2017,33,227,"2021-07-28",541
2018,33,228,"2021-07-28",542
2019,31,229,"2021-07-28",543
2020,31,230,"2021-07-28",544
2021,31,231,"2021-07-28",545
2022,30,232,"2021-07-28",546
2023,29,233,"2021-07-28",547
2024,29,234,"2021-07-28",548
2025,29,235,"2021-07-28",549
2026,28,236,"2021-07-28",550
2027,27,237,"2021-07-28",551
2028,27,238,"2021-07-28",552
2029,26,239,"2021-07-28",553
2030,26,240,"2021-07-28",555
2031,25,241,"2021-07-28",556
2032,24,242,"2021-07-28",557
2033,24,243,"2021-07-28",558
2034,23,244,"2021-07-28",559
2035,23,245,"2021-07-28",560
2036,23,246,"2021-07-28",561
2037,22,247,"2021-07-28",514
2038,21,248,"2021-07-28",563
2039,21,249,"2021-07-28",564
2040,20,250,"2021-07-28",495
2041,20,251,"2021-07-28",600
2042,19,252,"2021-07-28",567
2043,19,253,"2021-07-28",568
2044,17,254,"2021-07-28",569
2045,17,255,"2021-07-28",571
2046,16,256,"2021-07-28",572
2047,16,257,"2021-07-28",574
2048,16,258,"2021-07-28",575
2049,16,259,"2021-07-28",576
2050,16,260,"2021-07-28",577
2051,16,261,"2021-07-28",578
2052,15,262,"2021-07-28",579
2053,15,263,"2021-07-28",587
2054,15,264,"2021-07-28",580
2055,15,265,"2021-07-28",501
2056,14,266,"2021-07-28",582
2057,14,267,"2021-07-28",583
2058,14,268,"2021-07-28",584
2059,14,269,"2021-07-28",585
2060,14,270,"2021-07-28",586
2061,13,271,"2021-07-28",588
2062,13,272,"2021-07-28",589
2063,13,273,"2021-07-28",590
2064,13,274,"2021-07-28",479
2065,13,275,"2021-07-28",591
2066,13,276,"2021-07-28",592
2067,13,277,"2021-07-28",593
2068,13,278,"2021-07-28",594
2069,13,279,"2021-07-28",614
2070,13,280,"2021-07-28",595
2071,12,281,"2021-07-28",596
2072,12,282,"2021-07-28",521
2073,12,283,"2021-07-28",597
2074,12,284,"2021-07-28",598
2075,12,285,"2021-07-28",599
2076,12,286,"2021-07-28",601
2077,12,287,"2021-07-28",602
2078,12,288,"2021-07-28",603
2079,12,289,"2021-07-28",604
2080,11,290,"2021-07-28",605
2081,11,291,"2021-07-28",606
2082,10,292,"2021-07-28",607
2083,10,293,"2021-07-28",608
2084,10,294,"2021-07-28",400
2085,10,295,"2021-07-28",609
2382,14407,0,"2021-07-29",303
2383,6033,1,"2021-07-29",304
2384,4598,2,"2021-07-29",305
2385,3828,3,"2021-07-29",306
2386,3827,4,"2021-07-29",307
2387,3511,5,"2021-07-29",308
2388,3350,6,"2021-07-29",309
2389,3222,7,"2021-07-29",310
2390,2976,8,"2021-07-29",311
2391,2141,9,"2021-07-29",312
2392,2041,10,"2021-07-29",313
2393,1808,11,"2021-07-29",314
2394,1779,12,"2021-07-29",315
2395,1693,13,"2021-07-29",316
2396,1687,14,"2021-07-29",317
2397,1671,15,"2021-07-29",319
2398,1650,16,"2021-07-29",318
2399,1568,17,"2021-07-29",320
2400,1504,18,"2021-07-29",321
2401,1498,19,"2021-07-29",322
2402,1468,20,"2021-07-29",323
2403,1427,21,"2021-07-29",324
2404,1327,22,"2021-07-29",325
2405,1282,23,"2021-07-29",326
2406,1230,24,"2021-07-29",327
2407,1204,25,"2021-07-29",328
2408,1088,26,"2021-07-29",329
2409,1076,27,"2021-07-29",330
2410,1020,28,"2021-07-29",331
2411,995,29,"2021-07-29",332
2412,948,30,"2021-07-29",335
2413,931,31,"2021-07-29",338
2414,921,32,"2021-07-29",337
2415,908,33,"2021-07-29",341
2416,895,34,"2021-07-29",339
2417,875,35,"2021-07-29",340
2418,874,36,"2021-07-29",336
2419,864,37,"2021-07-29",342
2420,846,38,"2021-07-29",333
2421,837,39,"2021-07-29",343
2422,800,40,"2021-07-29",344
2423,796,41,"2021-07-29",345
2424,744,42,"2021-07-29",347
2425,743,43,"2021-07-29",346
2426,720,44,"2021-07-29",349
2427,688,45,"2021-07-29",348
2428,682,46,"2021-07-29",350
2429,669,47,"2021-07-29",334
2430,636,48,"2021-07-29",353
2431,624,49,"2021-07-29",352
2432,594,50,"2021-07-29",351
2433,593,51,"2021-07-29",354
2434,584,52,"2021-07-29",355
2435,578,53,"2021-07-29",356
2436,570,54,"2021-07-29",357
2437,542,55,"2021-07-29",358
2438,541,56,"2021-07-29",360
2439,540,57,"2021-07-29",359
2440,528,58,"2021-07-29",361
2441,515,59,"2021-07-29",362
2442,473,60,"2021-07-29",365
2443,470,61,"2021-07-29",366
2444,470,62,"2021-07-29",367
2445,450,63,"2021-07-29",363
2446,433,64,"2021-07-29",370
2447,429,65,"2021-07-29",371
2448,423,66,"2021-07-29",373
2449,420,67,"2021-07-29",364
2450,415,68,"2021-07-29",374
2451,411,69,"2021-07-29",375
2452,400,70,"2021-07-29",376
2453,399,71,"2021-07-29",377
2454,397,72,"2021-07-29",368
2455,376,73,"2021-07-29",380
2456,372,74,"2021-07-29",378
2457,366,75,"2021-07-29",379
2458,356,76,"2021-07-29",372
2459,355,77,"2021-07-29",381
2460,341,78,"2021-07-29",382
2461,340,79,"2021-07-29",383
2462,331,80,"2021-07-29",384
2463,327,81,"2021-07-29",385
2464,324,82,"2021-07-29",386
2465,316,83,"2021-07-29",388
2466,305,84,"2021-07-29",390
2467,301,85,"2021-07-29",389
2468,293,86,"2021-07-29",395
2469,279,87,"2021-07-29",391
2470,278,88,"2021-07-29",369
2471,272,89,"2021-07-29",392
2472,269,90,"2021-07-29",393
2473,269,91,"2021-07-29",394
2474,253,92,"2021-07-29",408
2475,249,93,"2021-07-29",398
2476,243,94,"2021-07-29",615
2477,237,95,"2021-07-29",401
2478,232,96,"2021-07-29",402
2479,232,97,"2021-07-29",403
2480,229,98,"2021-07-29",404
2481,229,99,"2021-07-29",405
2482,225,100,"2021-07-29",406
2483,224,101,"2021-07-29",407
2484,222,102,"2021-07-29",409
2485,218,103,"2021-07-29",410
2486,216,104,"2021-07-29",411
2487,213,105,"2021-07-29",412
2488,212,106,"2021-07-29",413
2489,210,107,"2021-07-29",414
2490,210,108,"2021-07-29",416
2491,200,109,"2021-07-29",418
2492,191,110,"2021-07-29",419
2493,189,111,"2021-07-29",420
2494,187,112,"2021-07-29",396
2495,179,113,"2021-07-29",421
2496,173,114,"2021-07-29",423
2497,173,115,"2021-07-29",424
2498,173,116,"2021-07-29",425
2499,173,117,"2021-07-29",426
2500,172,118,"2021-07-29",433
2501,172,119,"2021-07-29",427
2502,167,120,"2021-07-29",429
2503,155,121,"2021-07-29",430
2504,153,122,"2021-07-29",432
2505,146,123,"2021-07-29",436
2506,144,124,"2021-07-29",422
2507,144,125,"2021-07-29",437
2508,142,126,"2021-07-29",440
2509,141,127,"2021-07-29",441
2510,134,128,"2021-07-29",610
2511,129,129,"2021-07-29",444
2512,126,130,"2021-07-29",445
2513,123,131,"2021-07-29",446
2514,122,132,"2021-07-29",447
2515,121,133,"2021-07-29",448
2516,117,134,"2021-07-29",449
2517,116,135,"2021-07-29",451
2518,113,136,"2021-07-29",452
2519,112,137,"2021-07-29",453
2520,111,138,"2021-07-29",454
2521,110,139,"2021-07-29",455
2522,108,140,"2021-07-29",456
2523,107,141,"2021-07-29",442
2524,106,142,"2021-07-29",457
2525,104,143,"2021-07-29",439
2526,104,144,"2021-07-29",458
2527,102,145,"2021-07-29",460
2528,101,146,"2021-07-29",461
2529,101,147,"2021-07-29",462
2530,100,148,"2021-07-29",463
2531,99,149,"2021-07-29",397
2532,98,150,"2021-07-29",464
2533,98,151,"2021-07-29",465
2534,95,152,"2021-07-29",468
2535,92,153,"2021-07-29",470
2536,91,154,"2021-07-29",484
2537,90,155,"2021-07-29",438
2538,90,156,"2021-07-29",471
2539,88,157,"2021-07-29",472
2540,87,158,"2021-07-29",482
2541,86,159,"2021-07-29",473
2542,86,160,"2021-07-29",474
2543,85,161,"2021-07-29",475
2544,85,162,"2021-07-29",435
2545,83,163,"2021-07-29",478
2546,82,164,"2021-07-29",479
2547,82,165,"2021-07-29",480
2548,81,166,"2021-07-29",481
2549,76,167,"2021-07-29",486
2550,74,168,"2021-07-29",487
2551,71,169,"2021-07-29",490
2552,70,170,"2021-07-29",428
2553,69,171,"2021-07-29",443
2554,67,172,"2021-07-29",491
2555,67,173,"2021-07-29",488
2556,66,174,"2021-07-29",492
2557,66,175,"2021-07-29",493
2558,66,176,"2021-07-29",499
2559,66,177,"2021-07-29",494
2560,64,178,"2021-07-29",496
2561,64,179,"2021-07-29",497
2562,62,180,"2021-07-29",498
2563,60,181,"2021-07-29",501
2564,60,182,"2021-07-29",502
2565,60,183,"2021-07-29",459
2566,59,184,"2021-07-29",504
2567,59,185,"2021-07-29",417
2568,58,186,"2021-07-29",505
2569,58,187,"2021-07-29",507
2570,58,188,"2021-07-29",508
2571,58,189,"2021-07-29",509
2572,58,190,"2021-07-29",510
2573,56,191,"2021-07-29",511
2574,56,192,"2021-07-29",513
2575,54,193,"2021-07-29",514
2576,52,194,"2021-07-29",515
2577,52,195,"2021-07-29",466
2578,52,196,"2021-07-29",516
2579,52,197,"2021-07-29",400
2580,52,198,"2021-07-29",517
2581,52,199,"2021-07-29",581
2582,51,200,"2021-07-29",526
2583,50,201,"2021-07-29",519
2584,50,202,"2021-07-29",521
2585,50,203,"2021-07-29",522
2586,49,204,"2021-07-29",535
2587,49,205,"2021-07-29",524
2588,48,206,"2021-07-29",525
2589,47,207,"2021-07-29",387
2590,43,208,"2021-07-29",616
2591,42,209,"2021-07-29",532
2592,42,210,"2021-07-29",477
2593,41,211,"2021-07-29",529
2594,41,212,"2021-07-29",530
2595,40,213,"2021-07-29",531
2596,38,214,"2021-07-29",450
2597,38,215,"2021-07-29",533
2598,38,216,"2021-07-29",534
2599,37,217,"2021-07-29",527
2600,37,218,"2021-07-29",552
2601,37,219,"2021-07-29",558
2602,35,220,"2021-07-29",469
2603,35,221,"2021-07-29",537
2604,34,222,"2021-07-29",560
2605,34,223,"2021-07-29",431
2606,33,224,"2021-07-29",540
2607,33,225,"2021-07-29",541
2608,33,226,"2021-07-29",542
2609,31,227,"2021-07-29",559
2610,31,228,"2021-07-29",543
2611,31,229,"2021-07-29",544
2612,31,230,"2021-07-29",545
2613,30,231,"2021-07-29",546
2614,29,232,"2021-07-29",547
2615,28,233,"2021-07-29",550
2616,26,234,"2021-07-29",553
2617,26,235,"2021-07-29",554
2618,26,236,"2021-07-29",555
2619,25,237,"2021-07-29",619
2620,25,238,"2021-07-29",556
2621,24,239,"2021-07-29",557
2622,23,240,"2021-07-29",561
2623,22,241,"2021-07-29",620
2624,21,242,"2021-07-29",562
2625,21,243,"2021-07-29",563
2626,21,244,"2021-07-29",564
2627,20,245,"2021-07-29",565
2628,20,246,"2021-07-29",621
2629,20,247,"2021-07-29",495
2630,20,248,"2021-07-29",600
2631,19,249,"2021-07-29",566
2632,19,250,"2021-07-29",567
2633,19,251,"2021-07-29",568
2634,17,252,"2021-07-29",570
2635,17,253,"2021-07-29",571
2636,16,254,"2021-07-29",572
2637,16,255,"2021-07-29",573
2638,16,256,"2021-07-29",574
2639,16,257,"2021-07-29",575
2640,16,258,"2021-07-29",576
2641,16,259,"2021-07-29",577
2642,16,260,"2021-07-29",578
2643,15,261,"2021-07-29",579
2644,15,262,"2021-07-29",587
2645,15,263,"2021-07-29",580
2646,15,264,"2021-07-29",569
2647,14,265,"2021-07-29",582
2648,14,266,"2021-07-29",583
2649,14,267,"2021-07-29",584
2650,14,268,"2021-07-29",585
2651,14,269,"2021-07-29",586
2652,13,270,"2021-07-29",588
2653,13,271,"2021-07-29",589
2654,13,272,"2021-07-29",590
2655,13,273,"2021-07-29",591
2656,13,274,"2021-07-29",592
2657,13,275,"2021-07-29",593
2658,13,276,"2021-07-29",594
2659,13,277,"2021-07-29",614
2660,13,278,"2021-07-29",595
2661,12,279,"2021-07-29",596
2662,12,280,"2021-07-29",434
2663,12,281,"2021-07-29",597
2664,12,282,"2021-07-29",598
2665,12,283,"2021-07-29",599
2666,12,284,"2021-07-29",601
2667,12,285,"2021-07-29",602
2668,12,286,"2021-07-29",603
2669,12,287,"2021-07-29",604
2670,11,288,"2021-07-29",605
2671,11,289,"2021-07-29",606
2672,10,290,"2021-07-29",607
2673,10,291,"2021-07-29",608
2674,10,292,"2021-07-29",609
2675,14407,0,"2021-07-30",303
2676,6033,1,"2021-07-30",304
2677,4598,2,"2021-07-30",305
2678,3828,3,"2021-07-30",306
2679,3827,4,"2021-07-30",307
2680,3511,5,"2021-07-30",308
2681,3350,6,"2021-07-30",309
2682,3222,7,"2021-07-30",310
2683,2976,8,"2021-07-30",311
2684,2141,9,"2021-07-30",312
2685,2041,10,"2021-07-30",313
2686,1808,11,"2021-07-30",314
2687,1779,12,"2021-07-30",315
2688,1693,13,"2021-07-30",316
2689,1687,14,"2021-07-30",317
2690,1671,15,"2021-07-30",319
2691,1650,16,"2021-07-30",318
2692,1568,17,"2021-07-30",320
2693,1504,18,"2021-07-30",321
2694,1498,19,"2021-07-30",322
2695,1468,20,"2021-07-30",323
2696,1427,21,"2021-07-30",324
2697,1327,22,"2021-07-30",325
2698,1282,23,"2021-07-30",326
2699,1230,24,"2021-07-30",327
2700,1204,25,"2021-07-30",328
2701,1088,26,"2021-07-30",329
2702,1076,27,"2021-07-30",330
2703,1020,28,"2021-07-30",331
2704,995,29,"2021-07-30",332
2705,948,30,"2021-07-30",335
2706,931,31,"2021-07-30",338
2707,921,32,"2021-07-30",337
2708,908,33,"2021-07-30",341
2709,895,34,"2021-07-30",339
2710,875,35,"2021-07-30",340
2711,874,36,"2021-07-30",336
2712,864,37,"2021-07-30",342
2713,846,38,"2021-07-30",333
2714,837,39,"2021-07-30",343
2715,800,40,"2021-07-30",344
2716,796,41,"2021-07-30",345
2717,744,42,"2021-07-30",347
2718,743,43,"2021-07-30",346
2719,720,44,"2021-07-30",349
2720,688,45,"2021-07-30",348
2721,682,46,"2021-07-30",350
2722,669,47,"2021-07-30",334
2723,636,48,"2021-07-30",353
2724,624,49,"2021-07-30",352
2725,594,50,"2021-07-30",351
2726,593,51,"2021-07-30",354
2727,584,52,"2021-07-30",355
2728,578,53,"2021-07-30",356
2729,570,54,"2021-07-30",357
2730,542,55,"2021-07-30",358
2731,541,56,"2021-07-30",360
2732,540,57,"2021-07-30",359
2733,528,58,"2021-07-30",361
2734,515,59,"2021-07-30",362
2735,473,60,"2021-07-30",365
2736,470,61,"2021-07-30",366
2737,470,62,"2021-07-30",367
2738,450,63,"2021-07-30",363
2739,433,64,"2021-07-30",370
2740,429,65,"2021-07-30",371
2741,423,66,"2021-07-30",373
2742,420,67,"2021-07-30",364
2743,415,68,"2021-07-30",374
2744,411,69,"2021-07-30",375
2745,400,70,"2021-07-30",376
2746,399,71,"2021-07-30",377
2747,397,72,"2021-07-30",368
2748,376,73,"2021-07-30",380
2749,372,74,"2021-07-30",378
2750,366,75,"2021-07-30",379
2751,356,76,"2021-07-30",372
2752,355,77,"2021-07-30",381
2753,341,78,"2021-07-30",382
2754,340,79,"2021-07-30",383
2755,331,80,"2021-07-30",384
2756,327,81,"2021-07-30",385
2757,324,82,"2021-07-30",386
2758,316,83,"2021-07-30",388
2759,305,84,"2021-07-30",390
2760,301,85,"2021-07-30",389
2761,293,86,"2021-07-30",395
2762,279,87,"2021-07-30",391
2763,278,88,"2021-07-30",369
2764,272,89,"2021-07-30",392
2765,269,90,"2021-07-30",393
2766,269,91,"2021-07-30",394
2767,253,92,"2021-07-30",408
2768,249,93,"2021-07-30",398
2769,243,94,"2021-07-30",615
2770,237,95,"2021-07-30",401
2771,232,96,"2021-07-30",402
2772,232,97,"2021-07-30",403
2773,229,98,"2021-07-30",404
2774,229,99,"2021-07-30",405
2775,225,100,"2021-07-30",406
2776,224,101,"2021-07-30",407
2777,222,102,"2021-07-30",409
2778,218,103,"2021-07-30",410
2779,216,104,"2021-07-30",411
2780,213,105,"2021-07-30",412
2781,212,106,"2021-07-30",413
2782,210,107,"2021-07-30",414
2783,210,108,"2021-07-30",416
2784,200,109,"2021-07-30",418
2785,191,110,"2021-07-30",419
2786,189,111,"2021-07-30",420
2787,187,112,"2021-07-30",396
2788,179,113,"2021-07-30",421
2789,173,114,"2021-07-30",423
2790,173,115,"2021-07-30",424
2791,173,116,"2021-07-30",425
2792,173,117,"2021-07-30",426
2793,172,118,"2021-07-30",433
2794,172,119,"2021-07-30",427
2795,167,120,"2021-07-30",429
2796,155,121,"2021-07-30",430
2797,153,122,"2021-07-30",432
2798,146,123,"2021-07-30",436
2799,144,124,"2021-07-30",422
2800,144,125,"2021-07-30",437
2801,142,126,"2021-07-30",440
2802,141,127,"2021-07-30",441
2803,134,128,"2021-07-30",610
2804,129,129,"2021-07-30",444
2805,126,130,"2021-07-30",445
2806,123,131,"2021-07-30",446
2807,122,132,"2021-07-30",447
2808,121,133,"2021-07-30",448
2809,117,134,"2021-07-30",449
2810,116,135,"2021-07-30",451
2811,113,136,"2021-07-30",452
2812,112,137,"2021-07-30",453
2813,111,138,"2021-07-30",454
2814,110,139,"2021-07-30",455
2815,108,140,"2021-07-30",456
2816,107,141,"2021-07-30",442
2817,106,142,"2021-07-30",457
2818,104,143,"2021-07-30",439
2819,104,144,"2021-07-30",458
2820,102,145,"2021-07-30",460
2821,101,146,"2021-07-30",461
2822,101,147,"2021-07-30",462
2823,100,148,"2021-07-30",463
2824,99,149,"2021-07-30",397
2825,98,150,"2021-07-30",464
2826,98,151,"2021-07-30",465
2827,95,152,"2021-07-30",468
2828,92,153,"2021-07-30",470
2829,91,154,"2021-07-30",484
2830,90,155,"2021-07-30",438
2831,90,156,"2021-07-30",471
2832,88,157,"2021-07-30",472
2833,87,158,"2021-07-30",482
2834,86,159,"2021-07-30",473
2835,86,160,"2021-07-30",474
2836,85,161,"2021-07-30",475
2837,85,162,"2021-07-30",435
2838,83,163,"2021-07-30",478
2839,82,164,"2021-07-30",479
2840,82,165,"2021-07-30",480
2841,81,166,"2021-07-30",481
2842,76,167,"2021-07-30",486
2843,74,168,"2021-07-30",487
2844,71,169,"2021-07-30",490
2845,70,170,"2021-07-30",428
2846,69,171,"2021-07-30",443
2847,67,172,"2021-07-30",491
2848,67,173,"2021-07-30",488
2849,66,174,"2021-07-30",492
2850,66,175,"2021-07-30",493
2851,66,176,"2021-07-30",499
2852,66,177,"2021-07-30",494
2853,64,178,"2021-07-30",496
2854,64,179,"2021-07-30",497
2855,62,180,"2021-07-30",498
2856,60,181,"2021-07-30",501
2857,60,182,"2021-07-30",502
2858,60,183,"2021-07-30",459
2859,59,184,"2021-07-30",504
2860,59,185,"2021-07-30",417
2861,58,186,"2021-07-30",505
2862,58,187,"2021-07-30",507
2863,58,188,"2021-07-30",508
2864,58,189,"2021-07-30",509
2865,58,190,"2021-07-30",510
2866,56,191,"2021-07-30",511
2867,56,192,"2021-07-30",513
2868,54,193,"2021-07-30",514
2869,52,194,"2021-07-30",515
2870,52,195,"2021-07-30",466
2871,52,196,"2021-07-30",516
2872,52,197,"2021-07-30",400
2873,52,198,"2021-07-30",517
2874,52,199,"2021-07-30",581
2875,51,200,"2021-07-30",526
2876,50,201,"2021-07-30",519
2877,50,202,"2021-07-30",521
2878,50,203,"2021-07-30",522
2879,49,204,"2021-07-30",535
2880,49,205,"2021-07-30",524
2881,48,206,"2021-07-30",525
2882,47,207,"2021-07-30",387
2883,43,208,"2021-07-30",616
2884,42,209,"2021-07-30",532
2885,42,210,"2021-07-30",477
2886,41,211,"2021-07-30",529
2887,41,212,"2021-07-30",530
2888,40,213,"2021-07-30",531
2889,38,214,"2021-07-30",450
2890,38,215,"2021-07-30",533
2891,38,216,"2021-07-30",534
2892,37,217,"2021-07-30",527
2893,37,218,"2021-07-30",552
2894,37,219,"2021-07-30",558
2895,35,220,"2021-07-30",469
2896,35,221,"2021-07-30",537
2897,34,222,"2021-07-30",560
2898,34,223,"2021-07-30",431
2899,33,224,"2021-07-30",540
2900,33,225,"2021-07-30",541
2901,33,226,"2021-07-30",542
2902,31,227,"2021-07-30",559
2903,31,228,"2021-07-30",543
2904,31,229,"2021-07-30",544
2905,31,230,"2021-07-30",545
2906,30,231,"2021-07-30",546
2907,29,232,"2021-07-30",547
2908,28,233,"2021-07-30",550
2909,26,234,"2021-07-30",553
2910,26,235,"2021-07-30",554
2911,26,236,"2021-07-30",555
2912,25,237,"2021-07-30",619
2913,25,238,"2021-07-30",556
2914,24,239,"2021-07-30",557
2915,23,240,"2021-07-30",561
2916,22,241,"2021-07-30",620
2917,21,242,"2021-07-30",562
2918,21,243,"2021-07-30",563
2919,21,244,"2021-07-30",564
2920,20,245,"2021-07-30",565
2921,20,246,"2021-07-30",621
2922,20,247,"2021-07-30",495
2923,20,248,"2021-07-30",600
2924,19,249,"2021-07-30",566
2925,19,250,"2021-07-30",567
2926,19,251,"2021-07-30",568
2927,17,252,"2021-07-30",570
2928,17,253,"2021-07-30",571
2929,16,254,"2021-07-30",572
2930,16,255,"2021-07-30",573
2931,16,256,"2021-07-30",574
2932,16,257,"2021-07-30",575
2933,16,258,"2021-07-30",576
2934,16,259,"2021-07-30",577
2935,16,260,"2021-07-30",578
2936,15,261,"2021-07-30",579
2937,15,262,"2021-07-30",587
2938,15,263,"2021-07-30",580
2939,15,264,"2021-07-30",569
2940,14,266,"2021-07-30",583
2941,14,267,"2021-07-30",584
2942,14,268,"2021-07-30",585
2943,14,269,"2021-07-30",586
2944,14,265,"2021-07-30",582
2945,13,270,"2021-07-30",588
2946,13,271,"2021-07-30",589
2947,13,272,"2021-07-30",590
2948,13,273,"2021-07-30",591
2949,13,274,"2021-07-30",592
2950,13,275,"2021-07-30",593
2951,13,276,"2021-07-30",594
2952,13,277,"2021-07-30",614
2953,13,278,"2021-07-30",595
2954,12,279,"2021-07-30",596
2955,12,280,"2021-07-30",434
2956,12,281,"2021-07-30",597
2957,12,282,"2021-07-30",598
2958,12,283,"2021-07-30",599
2959,12,284,"2021-07-30",601
2960,12,285,"2021-07-30",602
2961,12,286,"2021-07-30",603
2962,12,287,"2021-07-30",604
2963,11,288,"2021-07-30",605
2964,11,289,"2021-07-30",606
2965,10,290,"2021-07-30",607
2966,10,291,"2021-07-30",608
2967,10,292,"2021-07-30",609
